customer_id,ActivityDate,TotalSteps, TotalDistance , TotalMinutes , LoggedActivitiesDistance , VeryActiveDistance , ModeratelyActiveDistance , LightActiveDistance , SedentaryActiveDistance ,VeryActiveMinutes,FairlyActiveMinutes,LightlyActiveMinutes,SedentaryMinutes,Calories,Activity Level,DaysOfTheWeek
81,5/1/16,36019,28.03,1440,0,21.92,4.19,1.91,0.02,186,63,171,1020,2690,Active,Sunday
81,4/30/16,18213,13.24,1298,0,0.63,3.14,9.46,0,9,71,402,816,3846,Active,Saturday
81,4/16/16,15300,11.12,1440,0,4.1,1.88,5.09,0,51,42,212,1135,3493,Active,Saturday
81,5/7/16,13372,9.72,1440,0,3.26,0.79,5.67,0.01,41,17,243,1139,3404,Active,Saturday
81,5/3/16,12850,9.34,1440,0,0.72,4.09,4.54,0,10,94,221,1115,3324,Active,Tuesday
81,4/19/16,11256,8.18,1440,0,0.36,2.53,5.3,0,5,58,278,1099,3300,Active,Tuesday
81,4/14/16,11037,8.02,1440,0,0.36,2.56,5.1,0,5,58,252,1125,3226,Active,Thursday
81,4/12/16,10694,7.77,1440,0,0.14,2.3,5.33,0,2,51,256,1131,3199,Active,Tuesday
81,4/18/16,10536,7.41,1440,0,2.15,0.62,4.62,0.01,17,7,202,1214,1604,Active,Monday
81,4/26/16,9919,7.21,1440,0,0.8,1.72,4.69,0,11,41,223,1165,3123,Active,Tuesday
81,5/6/16,9787,7.12,1440,0,0.82,0.27,6.01,0.02,11,6,369,1054,3328,Active,Friday
81,4/28/16,9405,6.84,1440,0,0.2,2.32,4.31,0,3,53,227,1157,3108,Active,Thursday
81,5/10/16,9167,6.66,1440,0,0.88,0.81,4.97,0.01,12,19,155,1254,2799,Active,Tuesday
81,4/14/16,9107,5.92,1440,0,0,0,5.91,0.01,0,0,236,1204,1572,Active,Thursday
81,4/17/16,8757,6.37,1440,0,2.25,0.57,3.55,0,29,13,186,1212,3011,Active,Sunday
81,4/23/16,8538,5.55,1440,0,0,0,5.54,0.01,0,0,227,1213,1562,Active,Saturday
81,4/27/16,8367,5.44,1440,0,1.11,1.87,2.46,0,17,36,154,1233,1670,Active,Wednesday
81,4/12/16,8163,5.31,1440,0,0,0,5.31,0,0,0,146,1294,1432,Active,Tuesday
81,4/13/16,8001,5.82,1440,0,2.28,0.9,2.64,0,30,16,135,1259,2902,Active,Wednesday
81,5/2/16,7155,4.93,1440,0,0.86,0.59,3.47,0,7,6,166,1261,1497,Active,Monday
81,4/18/16,7132,5.19,1440,0,1.07,1.67,2.45,0,15,33,121,1271,2806,Active,Monday
81,4/13/16,7007,4.55,1440,0,0,0,4.55,0,0,0,148,1292,1411,Active,Wednesday
81,5/8/16,6724,4.89,1286,0,0,0,4.88,0,0,0,295,991,2987,Active,Sunday
81,5/9/16,6643,4.83,1440,0,2.39,0.35,2.09,0.01,32,6,303,1099,3008,Active,Monday
81,4/23/16,6637,4.83,1440,0,0,0.58,4.25,0,0,15,160,1265,2677,Active,Saturday
81,4/25/16,6497,4.22,1440,0,0,0,4.2,0.02,0,0,202,1238,1492,Active,Monday
81,4/30/16,6474,4.3,1440,0,0.9,1.28,2.12,0.01,11,23,224,1182,1655,Active,Saturday
81,4/21/16,6349,4.13,1440,0,0,0,4.11,0.02,0,0,186,1254,1467,Active,Thursday
81,4/17/16,6175,4.06,1440,0,1.03,1.52,1.49,0.01,15,22,127,1276,1554,Active,Sunday
81,5/1/16,6132,4.46,1081,0,0.24,0.99,3.23,0,3,24,146,908,2696,Active,Sunday
81,4/24/16,6076,3.95,1440,0,1.15,0.91,1.89,0,16,18,185,1221,1617,Active,Sunday
81,4/16/16,5370,3.49,1440,0,0,0,3.49,0,0,0,176,1264,1463,Active,Saturday
81,4/15/16,5263,3.83,1440,0,0.22,0.15,3.45,0,3,4,170,1263,2750,Active,Friday
81,4/20/16,4974,3.23,1440,0,0,0,3.23,0,0,0,151,1289,1446,Active,Wednesday
81,5/5/16,4363,3.19,1440,0,0.52,0.54,2.13,0.01,6,12,81,1341,2463,Active,Thursday
81,4/22/16,4026,2.62,1440,0,0,0,2.6,0,0,0,199,1241,1470,Active,Friday
81,5/2/16,3758,2.73,838,0,0.07,0.31,2.35,0,1,7,148,682,2580,Not Active,Monday
81,4/22/16,3673,2.67,1440,0,0,0,2.66,0.01,0,0,86,1354,2344,Active,Friday
81,4/25/16,3580,2.6,1440,0,0.59,0.06,1.95,0,8,1,94,1337,2497,Active,Monday
81,5/8/16,3427,2.23,1440,0,0,0,2.22,0,0,0,152,1288,1427,Active,Sunday
81,4/24/16,3321,2.41,1440,0,0,0,2.41,0,0,0,89,1351,2413,Active,Sunday
81,4/29/16,3176,2.31,1313,0,0,0,2.31,0,0,0,120,1193,2498,Active,Friday
81,5/11/16,3134,2.04,1440,0,0,0,2.04,0,0,0,112,1328,1359,Active,Wednesday
81,4/27/16,3032,2.2,1440,0,0,0,2.2,0,0,0,118,1322,2489,Active,Wednesday
81,5/12/16,2971,1.93,997,0,0,0,1.92,0.01,0,0,107,890,1002,Not Active,Thursday
81,5/10/16,2969,1.93,1440,0,0,0,1.92,0.01,0,0,139,1301,1393,Active,Tuesday
81,4/19/16,2916,1.9,1440,0,0,0,1.9,0,0,0,141,1299,1435,Active,Tuesday
81,4/26/16,2826,1.84,1440,0,0,0,1.83,0.01,0,0,140,1300,1402,Active,Tuesday
81,4/28/16,2759,1.79,1440,0,0,0.2,1.6,0,0,5,115,1320,1401,Active,Thursday
81,5/5/16,2470,1.61,1440,0,0,0,1.58,0.02,0,0,117,1323,1370,Active,Thursday
81,4/20/16,2436,1.77,1440,0,0,0,1.76,0.01,0,0,125,1315,2430,Active,Wednesday
81,4/29/16,2390,1.55,1440,0,0,0,1.55,0,0,0,150,1290,1404,Active,Friday
81,5/4/16,2309,1.68,1440,0,0,0,1.66,0.02,0,0,52,1388,2222,Active,Wednesday
81,5/4/16,2193,1.43,1440,0,0,0,1.42,0,0,0,118,1322,1368,Active,Wednesday
81,5/7/16,2104,1.37,1440,0,0,0,1.37,0,0,0,182,1258,1474,Active,Saturday
81,5/3/16,2100,1.37,1440,0,0,0,1.34,0.02,0,0,96,1344,1334,Active,Tuesday
81,5/9/16,1732,1.13,1440,0,0,0,1.13,0,0,0,91,1349,1328,Active,Monday
81,5/6/16,1727,1.12,1440,0,0,0,1.12,0.01,0,0,102,1338,1341,Active,Friday
81,4/15/16,1510,0.98,1440,0,0,0,0.97,0,0,0,96,1344,1344,Active,Friday
81,5/11/16,1329,0.97,762,0,0,0,0.95,0.01,0,0,49,713,1276,Not Active,Wednesday
81,4/21/16,1223,0.89,1440,0,0,0,0.88,0.01,0,0,38,1402,2140,Active,Thursday
313,4/24/16,15764,11.78,841,0,7.65,2.15,1.98,0,210,65,141,425,4392,Not Active,Sunday
313,4/16/16,14269,10.66,870,0,6.64,1.28,2.73,0,184,56,158,472,4274,Not Active,Saturday
313,5/1/16,13368,9.99,943,0,5.31,1.44,3.24,0,194,72,178,499,4546,Not Active,Sunday
313,4/19/16,12574,9.42,975,0,7.02,0.64,1.76,0,108,23,111,733,3501,Not Active,Tuesday
313,4/30/16,12363,9.24,1036,0,5.83,0.79,2.61,0,207,45,163,621,4501,Active,Saturday
313,4/17/16,12231,9.14,921,0,5.98,0.83,2.32,0,200,37,159,525,4552,Not Active,Sunday
313,4/15/16,12087,9.08,1063,0,3.92,1.6,3.56,0,115,54,199,695,4005,Active,Friday
313,5/3/16,11045,8.25,897,0,4.52,0.15,3.57,0,97,8,212,580,3795,Not Active,Tuesday
313,4/21/16,10830,8.09,1029,0,3.65,1.66,2.78,0,110,74,175,670,4018,Active,Thursday
313,4/18/16,9893,7.39,899,0,4.86,0.72,1.82,0,114,32,130,623,3625,Not Active,Monday
313,4/28/16,9841,7.43,983,0,3.25,1.17,3.01,0,99,51,141,692,3580,Not Active,Thursday
313,4/22/16,9172,6.85,1115,0,2.42,0.79,3.3,0,62,30,200,823,3329,Active,Friday
313,5/10/16,8869,6.65,974,0,2.56,0.75,3.35,0,104,37,194,639,3841,Not Active,Tuesday
313,4/14/16,8596,6.42,986,0,3.33,0.31,2.78,0,118,30,176,662,4022,Not Active,Thursday
313,4/20/16,8330,6.22,989,0,4.12,0.34,1.76,0,87,16,113,773,3192,Not Active,Wednesday
313,4/12/16,8135,6.08,970,0,3.6,0.38,2.1,0,86,16,140,728,3405,Not Active,Tuesday
313,4/29/16,7924,5.92,1037,0,2.84,0.61,2.47,0,97,36,165,739,3544,Active,Friday
313,4/23/16,7638,5.71,898,0,1.21,0.36,4.14,0,24,24,223,627,3152,Not Active,Saturday
313,5/5/16,7550,5.64,1362,0,2.5,0.47,2.67,0,45,21,143,1153,3004,Active,Thursday
313,5/2/16,7439,5.56,1024,0,1.12,0.35,4.07,0,37,20,235,732,3014,Active,Monday
313,4/27/16,6805,5.14,1042,0,1.81,0.4,2.93,0,63,16,190,773,3294,Active,Wednesday
313,4/25/16,6393,4.78,1056,0,1.35,0.67,2.76,0,61,38,214,743,3374,Active,Monday
313,4/26/16,5325,3.98,1010,0,0.85,0.65,2.47,0,38,32,181,759,3088,Active,Tuesday
313,5/4/16,5206,3.89,806,0,1.56,0.25,2.08,0,25,9,141,631,2755,Not Active,Wednesday
313,4/13/16,5077,3.79,946,0,0.32,0.22,3.25,0,15,11,144,776,2551,Not Active,Wednesday
313,5/6/16,4950,3.7,1440,0,1.93,0.32,1.45,0,41,16,79,1304,2643,Active,Friday
313,5/11/16,4038,3.04,380,0,1.83,0.3,0.89,0,45,15,63,257,1665,Not Active,Wednesday
313,5/9/16,3421,2.56,1214,0,1.43,0.14,0.99,0,34,11,70,1099,2489,Active,Monday
313,5/8/16,0,0,1440,0,0,0,0,0,0,0,0,1440,1819,Active,Sunday
313,5/7/16,0,0,1440,0,0,0,0,0,0,0,0,1440,1819,Active,Saturday
366,4/27/16,18134,12.21,1440,0,6.4,0.41,5.41,0,78,11,243,1108,2159,Active,Wednesday
366,4/19/16,15506,9.88,1120,0,3.53,1.32,5.03,0,50,31,264,775,2035,Active,Tuesday
366,4/25/16,15355,9.8,1117,0,5.29,0.57,3.94,0,73,14,216,814,2013,Active,Monday
366,5/3/16,15103,9.66,1144,0,3.73,1.05,4.88,0,50,24,254,816,1990,Active,Tuesday
366,5/2/16,14727,9.71,1131,0,3.21,0.57,5.92,0,41,15,277,798,2004,Active,Monday
366,4/30/16,14673,9.25,1015,0,3.56,1.42,4.27,0,52,34,217,712,1947,Active,Saturday
366,4/23/16,14371,9.04,1056,0,2.81,0.87,5.36,0,41,21,262,732,1949,Active,Saturday
366,5/5/16,14070,8.9,1176,0,2.92,1.08,4.88,0,45,24,250,857,1959,Active,Thursday
366,4/26/16,13755,8.79,1166,0,2.33,0.92,5.54,0,31,23,279,833,1970,Active,Tuesday
366,4/12/16,13162,8.5,1094,0,1.88,0.55,6.06,0,25,13,328,728,1985,Active,Tuesday
366,4/28/16,13154,8.53,1047,0,3.54,1.16,3.79,0,48,28,189,782,1898,Active,Thursday
366,4/18/16,13019,8.59,1440,0,3.25,0.64,4.71,0,42,16,233,1149,1921,Active,Monday
366,5/11/16,12770,8.13,979,0,2.56,1.01,4.55,0,36,23,251,669,1783,Not Active,Wednesday
366,4/22/16,12764,8.13,1440,0,4.76,1.12,2.24,0,66,27,130,1217,1827,Active,Friday
366,4/16/16,12669,8.16,1040,0,2.71,0.41,5.04,0,36,10,221,773,1863,Active,Saturday
366,5/10/16,12207,7.77,1037,0,3.35,1.16,3.26,0,46,31,214,746,1859,Active,Tuesday
366,5/6/16,12159,8.03,1073,0,1.97,0.25,5.81,0,24,6,289,754,1896,Active,Friday
366,5/9/16,12022,7.72,1098,0,3.45,0.53,3.74,0,46,11,206,835,1819,Active,Monday
366,5/7/16,11992,7.71,1091,0,2.46,2.12,3.13,0,37,46,175,833,1821,Active,Saturday
366,4/29/16,11181,7.15,1086,0,1.06,0.5,5.58,0,16,12,243,815,1837,Active,Friday
366,5/4/16,11100,7.15,1440,0,2.46,0.87,3.82,0,36,22,203,1179,1819,Active,Wednesday
366,4/13/16,10735,6.97,1033,0,1.57,0.69,4.71,0,21,19,217,776,1797,Active,Wednesday
366,5/1/16,10602,6.81,1044,0,2.29,1.6,2.92,0,33,35,246,730,1820,Active,Sunday
366,4/20/16,10544,6.68,1063,0,1.96,0.48,4.24,0,28,12,205,818,1786,Active,Wednesday
366,4/14/16,10460,6.74,1440,0,2.44,0.4,3.91,0,30,11,181,1218,1776,Active,Thursday
366,5/8/16,10060,6.58,829,0,3.53,0.32,2.73,0,44,8,203,574,1740,Not Active,Sunday
366,4/24/16,10039,6.41,991,0,2.92,0.21,3.28,0,39,5,238,709,1788,Not Active,Sunday
366,4/21/16,9819,6.34,1076,0,1.34,0.35,4.65,0,19,8,211,838,1775,Active,Thursday
366,4/15/16,9762,6.28,998,0,2.14,1.26,2.83,0,29,34,209,726,1745,Not Active,Friday
366,4/17/16,9705,6.48,761,0,3.19,0.78,2.51,0,38,20,164,539,1728,Not Active,Sunday
366,5/12/16,0,0,1440,0,0,0,0,0,0,0,0,1440,0,Active,Thursday
1067,4/23/16,20031,13.24,930,0,4.2,2,7.04,0,58,41,347,484,2571,Not Active,Saturday
1067,5/10/16,15448,10.21,997,0,3.47,1.75,4.99,0,62,34,275,626,2361,Not Active,Tuesday
1067,4/20/16,13928,9.55,988,0,4.28,0.19,5.09,0,48,4,297,639,2174,Not Active,Wednesday
1067,4/25/16,13239,9.27,985,2.79,3.02,1.68,4.46,0.1,35,31,282,637,2194,Not Active,Monday
1067,4/16/16,13217,8.74,1074,0,3.66,0.19,4.88,0,50,3,280,741,2173,Active,Saturday
1067,5/2/16,12912,8.54,1025,0,1.2,2,5.34,0,18,39,313,655,2162,Active,Monday
1067,4/28/16,12627,8.35,955,0,2.51,0.24,5.59,0,38,8,288,621,2182,Not Active,Thursday
1067,5/9/16,12342,8.72,902,3.17,3.9,1.18,3.65,0,43,21,231,607,2105,Not Active,Monday
1067,5/3/16,12109,8.12,978,0,1.74,2.04,4.33,0,21,36,267,654,2072,Not Active,Tuesday
1067,4/21/16,11835,9.71,1002,4.08,3.99,2.1,3.51,0.11,53,27,214,708,2179,Active,Thursday
1067,4/18/16,11404,7.54,982,0,0.83,2.39,4.32,0,13,42,238,689,2039,Not Active,Monday
1067,4/29/16,10762,7.11,1041,0,0.82,0.48,5.81,0,12,15,369,645,2254,Active,Friday
1067,4/19/16,10742,7.1,930,0,2.1,2.13,2.87,0,35,41,195,659,2046,Not Active,Tuesday
1067,4/22/16,10725,7.09,962,0,1.77,1.55,3.77,0,30,33,240,659,2086,Not Active,Friday
1067,5/5/16,10524,6.96,932,0,0.99,1.16,4.81,0,14,22,305,591,2066,Not Active,Thursday
1067,4/26/16,10433,6.9,977,0,2.58,0.42,3.9,0,36,7,254,680,2012,Not Active,Tuesday
1067,4/27/16,10320,6.82,1021,0,0.55,2.02,4.25,0,7,38,279,697,2034,Active,Wednesday
1067,4/12/16,10199,6.74,1049,0,3.4,0.83,2.51,0,50,14,189,796,1994,Active,Tuesday
1067,5/4/16,10147,6.71,1018,0,0.47,1.68,4.55,0,15,36,284,683,2086,Active,Wednesday
1067,4/17/16,10145,6.71,947,0,0.33,0.68,5.69,0,5,13,295,634,2027,Not Active,Sunday
1067,4/30/16,10081,6.66,1016,0,2.24,0.76,3.67,0,32,16,237,731,2002,Active,Saturday
1067,5/7/16,6815,4.5,1073,0,0,0,4.5,0,0,0,328,745,1947,Active,Saturday
1067,5/11/16,6722,4.44,939,0,1.49,0.31,2.65,0,24,7,199,709,1855,Not Active,Wednesday
1067,5/6/16,5908,3.91,1016,0,0,0,3.91,0,0,0,299,717,1850,Active,Friday
1067,4/13/16,5652,3.74,722,0,0.57,1.21,1.96,0,8,24,142,548,1718,Not Active,Wednesday
1067,4/15/16,5563,3.68,1054,0,0,0,3.68,0,0,0,217,837,1756,Active,Friday
1067,5/1/16,5454,3.61,937,0,0,0,3.61,0,0,0,215,722,1740,Not Active,Sunday
1067,4/24/16,5029,3.32,919,0,0,0,3.32,0,0,0,199,720,1705,Not Active,Sunday
1067,5/8/16,4188,2.77,874,0,0,0.52,2.25,0,0,14,151,709,1659,Not Active,Sunday
1067,5/12/16,3587,2.37,240,0,0,0.25,2.11,0,0,8,105,127,928,Not Active,Thursday
1067,4/14/16,1551,1.03,948,0,0,0,1.03,0,0,0,86,862,1466,Not Active,Thursday
1684,4/23/16,15126,12.27,952,0,0.76,3.24,8.27,0,9,66,408,469,3691,Not Active,Saturday
1684,4/24/16,15050,12.22,933,0,1.2,5.12,5.88,0,15,95,281,542,3538,Not Active,Sunday
1684,5/7/16,14370,11.65,1067,0,0.37,2.31,8.97,0,5,46,439,577,3683,Active,Saturday
1684,5/8/16,12857,10.43,1345,0,0.68,6.21,3.54,0,9,125,192,1019,3287,Active,Sunday
1684,4/17/16,12692,10.29,817,0,0.96,3.46,5.88,0,12,66,302,437,3394,Not Active,Sunday
1684,4/16/16,11140,9.03,918,0,0.24,1.25,7.54,0,3,24,335,556,3328,Not Active,Saturday
1684,5/10/16,10613,8.61,1001,0,0.08,1.88,6.65,0,1,37,262,701,3172,Active,Tuesday
1684,4/30/16,10144,8.23,1031,0,0.32,2.03,5.88,0,4,36,263,728,3115,Active,Saturday
1684,4/29/16,9930,8.05,990,0,1.06,0.92,6.07,0,12,19,267,692,3165,Not Active,Friday
1684,5/11/16,9810,7.96,1070,0,0.78,2.16,4.98,0,10,41,235,784,3069,Active,Wednesday
1684,5/3/16,9454,7.67,1042,0,0,0,7.67,0,0,0,313,729,3145,Active,Tuesday
1684,4/25/16,9167,7.43,1021,0,0.49,0.82,6.11,0,6,15,270,730,3064,Active,Monday
1684,4/18/16,9105,7.38,1133,0,1.82,1.49,4.07,0,22,30,191,890,3013,Active,Monday
1684,4/28/16,9023,7.32,993,0,1.13,0.42,5.77,0,14,9,232,738,3033,Not Active,Thursday
1684,4/20/16,8793,7.13,1008,0,0.16,1.23,5.73,0,2,29,260,717,3061,Active,Wednesday
1684,5/5/16,8614,6.99,999,0,0.67,0.22,6.09,0,8,5,241,745,3006,Not Active,Thursday
1684,5/9/16,8232,6.68,1011,0,0,0.57,6.1,0,0,12,253,746,2990,Active,Monday
1684,5/4/16,8161,6.62,1027,0,0.34,0.73,5.54,0,4,15,251,757,3004,Active,Wednesday
1684,4/14/16,7860,6.37,1043,0,0,0,6.37,0,0,0,271,772,2984,Active,Thursday
1684,5/2/16,7245,5.92,1371,0,0.38,1.74,3.76,0,5,40,195,1131,2859,Active,Monday
1684,4/12/16,7213,5.88,981,0,0,0,5.85,0,0,0,263,718,2947,Not Active,Tuesday
1684,4/27/16,7047,5.72,988,0,0.09,0.8,4.78,0,1,16,238,733,2908,Not Active,Wednesday
1684,5/6/16,6943,5.63,906,0,0.08,0.66,4.87,0,1,16,207,682,2859,Not Active,Friday
1684,4/13/16,6877,5.58,1035,0,0,0,5.58,0,0,0,258,777,2898,Active,Wednesday
1684,4/19/16,6708,5.44,954,0,0.88,0.37,4.19,0,10,8,179,757,2812,Not Active,Tuesday
1684,4/21/16,6530,5.3,1090,0,0.31,2.05,2.94,0,4,41,144,901,2729,Active,Thursday
1684,4/15/16,6506,5.28,1209,0,0.07,0.42,4.79,0,1,8,256,944,2896,Active,Friday
1684,4/26/16,6108,4.95,990,0,0.07,0.35,4.54,0,1,8,216,765,2784,Not Active,Tuesday
1684,5/12/16,2752,2.23,309,0,0,0,2.23,0,0,0,68,241,1240,Not Active,Thursday
1684,4/22/16,1664,1.35,1413,0,0,0,1.35,0,0,0,72,1341,2241,Active,Friday
1684,5/1/16,0,0,1440,0,0,0,0,0,0,0,0,1440,2017,Active,Sunday
1847,5/7/16,22770,17.54,944,0,9.45,2.77,5.33,0,120,56,260,508,4022,Not Active,Saturday
1847,5/8/16,17298,14.38,899,0,9.89,1.26,3.23,0,107,38,178,576,3934,Not Active,Sunday
1847,4/23/16,13236,10.18,1027,0,4.5,0.32,5.35,0,58,5,215,749,3306,Active,Saturday
1847,5/6/16,13175,10.13,1440,0,2.11,2.09,5.93,0,33,45,262,1100,3425,Active,Friday
1847,4/25/16,12961,9.97,1397,0,0.73,1.4,7.84,0,11,31,301,1054,3288,Active,Monday
1847,5/3/16,12727,9.79,1326,0,1.13,0.78,7.88,0,18,18,306,984,3290,Active,Tuesday
1847,4/30/16,12533,9.64,894,0,0.7,2,6.94,0,14,43,300,537,3283,Not Active,Saturday
1847,5/4/16,12375,9.52,939,0,2.79,0.93,5.8,0,35,21,251,632,3162,Not Active,Wednesday
1847,4/22/16,12139,9.34,1267,0,3.3,1.11,4.92,0,77,25,220,945,3544,Active,Friday
1847,4/27/16,11193,8.61,984,0,0.7,2.51,5.39,0,11,48,241,684,3074,Not Active,Wednesday
1847,4/18/16,11009,9.1,1291,0,3.56,0.4,5.14,0,27,8,239,1017,3274,Active,Monday
1847,4/13/16,10993,8.45,1440,0,0.06,0.63,3.88,0,1,14,150,1275,3092,Active,Wednesday
1847,4/20/16,10553,8.12,985,0,1.1,1.72,5.29,0,19,42,228,696,3083,Not Active,Wednesday
1847,5/10/16,10299,7.92,942,0,0.81,0.65,6.46,0,13,14,267,648,3061,Not Active,Tuesday
1847,5/1/16,10255,7.89,847,0,1.01,0.68,6.2,0,12,15,241,579,2926,Not Active,Sunday
1847,4/24/16,10243,7.88,845,0,1.08,0.51,6.3,0,14,8,239,584,2885,Not Active,Sunday
1847,5/9/16,10218,7.86,1303,0,0.34,0.73,6.79,0,6,19,258,1020,3013,Active,Monday
1847,5/11/16,10201,7.84,1140,0,0.53,0.79,6.53,0,8,18,256,858,2954,Active,Wednesday
1847,4/19/16,10181,7.83,989,0,1.37,0.69,5.77,0,20,16,249,704,3015,Not Active,Tuesday
1847,4/12/16,10122,7.78,1440,0,0,0,0,0,0,0,0,1440,2955,Active,Tuesday
1847,5/2/16,10096,8.4,1176,0,3.77,0.08,4.55,0,33,4,204,935,3147,Active,Monday
1847,4/28/16,10074,7.75,1140,0,1.29,0.43,6.03,0,19,9,234,878,2969,Active,Thursday
1847,4/21/16,10055,7.73,1144,0,0.37,0.39,6.98,0,7,12,272,853,3069,Active,Thursday
1847,5/5/16,9603,7.38,1146,0,0.63,1.67,5.09,0,12,39,199,896,2899,Active,Thursday
1847,4/26/16,9461,7.28,934,0,0.94,1.06,5.27,0,14,23,224,673,2929,Not Active,Tuesday
1847,4/29/16,9232,7.1,1440,0,0.8,0.89,5.42,0,13,16,236,1175,2979,Active,Friday
1847,4/14/16,8863,6.82,1209,0,0.13,1.07,5.62,0,10,35,219,945,2998,Active,Thursday
1847,4/15/16,8758,6.73,1136,0,0,0,6.73,0,0,0,299,837,3066,Active,Friday
1847,4/16/16,6580,5.06,877,0,0.21,0.4,4.45,0,6,9,253,609,3073,Not Active,Saturday
1847,4/17/16,4660,3.58,922,0,0,0,3.58,0,0,0,201,721,2572,Not Active,Sunday
1847,5/12/16,3369,2.59,933,0,0,0,2.59,0,0,0,108,825,1623,Not Active,Thursday
1926,4/30/16,14560,9.41,951,0,3.12,1.04,5.24,0,42,17,308,584,2995,Not Active,Saturday
1926,5/10/16,14433,10.79,1383,0,7.11,1.2,2.45,0,72,23,106,1182,2800,Active,Tuesday
1926,4/20/16,14365,10.64,1042,0,7.64,0.45,2.54,0,87,13,145,797,2997,Active,Wednesday
1926,5/9/16,13566,9.11,1031,0,4.26,1.71,3.12,0,67,50,171,743,2960,Active,Monday
1926,5/7/16,12827,8.48,892,0,1.46,2.33,4.68,0,20,42,209,621,2739,Not Active,Saturday
1926,5/6/16,12461,8.38,1107,0,3.82,1.43,3.12,0,84,35,154,834,2924,Active,Friday
1926,5/1/16,12390,8.07,988,0,2.3,0.9,4.85,0,30,15,258,685,2730,Not Active,Sunday
1926,4/28/16,11584,7.8,1073,0,2.79,1.64,3.36,0,54,48,161,810,2862,Active,Thursday
1926,4/12/16,11317,8.41,963,0,5.27,0.15,2.97,0,59,6,153,745,2772,Not Active,Tuesday
1926,4/27/16,11107,8.34,1035,0,5.63,0.18,2.53,0,55,6,145,829,2693,Active,Wednesday
1926,5/4/16,10988,8.31,1035,0,5.28,0.12,2.9,0,45,12,135,843,2655,Active,Wednesday
1926,4/19/16,10688,7.29,931,0,3.53,1.23,2.51,0,67,69,124,671,2944,Not Active,Tuesday
1926,5/8/16,10677,7.1,901,0,2.31,1.53,3.25,0,32,27,147,695,2534,Not Active,Sunday
1926,4/26/16,10387,7.07,961,0,4.16,0.77,2.12,0,70,33,132,726,2781,Not Active,Tuesday
1926,5/3/16,10288,6.76,1006,0,2.74,0.85,3.16,0,57,36,152,761,2754,Active,Tuesday
1926,4/25/16,10091,6.82,943,0,3.75,0.7,2.37,0,69,39,129,706,2752,Not Active,Monday
1926,5/2/16,10052,6.81,968,0,3.48,0.66,2.66,0,66,26,139,737,2754,Not Active,Monday
1926,4/18/16,9827,6.71,1362,0,3.17,1.22,2.31,0,61,51,114,1136,2743,Active,Monday
1926,4/22/16,9753,6.53,1032,0,2.87,0.97,2.67,0,58,59,153,762,2846,Active,Friday
1926,5/11/16,9572,6.52,982,0,2.89,1.39,2.23,0,57,40,128,757,2735,Not Active,Wednesday
1926,4/21/16,9469,6.18,989,0,1.36,0.3,4.51,0,19,6,206,758,2463,Not Active,Thursday
1926,4/14/16,9123,6.12,1043,0,2.03,0.33,3.66,0,35,32,189,787,2734,Active,Thursday
1926,4/15/16,8585,5.67,1054,0,2.04,1.11,2.53,0,30,21,139,864,2395,Active,Friday
1926,5/5/16,8564,5.6,1440,0,1.78,0.83,2.95,0,24,14,149,1253,2386,Active,Thursday
1926,4/29/16,7881,4.95,1440,0,0.49,0.45,4,0,24,36,182,1198,2616,Active,Friday
1926,4/13/16,5813,3.62,956,0,0.56,0.21,2.84,0,31,26,155,744,2516,Not Active,Wednesday
1926,5/12/16,3789,2.56,410,0,0.38,0.27,1.89,0,5,4,58,343,1199,Not Active,Thursday
1926,4/24/16,3520,2.16,691,0,0,0,2.15,0,0,0,125,566,2049,Not Active,Sunday
1926,4/23/16,2817,1.81,1440,0,0,0,1.8,0,0,0,90,1350,1965,Active,Saturday
1926,4/16/16,31,0.01,1440,0,0,0,0.01,0,0,0,3,1437,1635,Active,Saturday
1926,4/17/16,0,0,1440,0,0,0,0,0,0,0,0,1440,1629,Active,Sunday
2035,4/23/16,12357,7.71,890,0,0,0,7.71,0,0,0,432,458,1916,Not Active,Saturday
2035,5/5/16,12167,7.54,954,0,0,0,7.54,0,0,0,475,479,1926,Not Active,Thursday
2035,5/9/16,10685,6.62,944,0,0,0,6.6,0,0,0,401,543,1869,Not Active,Monday
2035,5/12/16,8891,5.51,673,0,0,0,5.51,0,0,0,343,330,1364,Not Active,Thursday
2035,5/11/16,8580,5.32,899,0,0,0,5.32,0,0,0,330,569,1698,Not Active,Wednesday
2035,5/6/16,8198,5.08,894,0,0,0,5.08,0,0,0,383,511,1736,Not Active,Friday
2035,4/29/16,7604,4.71,844,0,0,0,4.71,0,0,0,352,492,1692,Not Active,Friday
2035,4/20/16,7222,4.48,950,0,0,0,4.48,0,0,0,327,623,1667,Not Active,Wednesday
2035,5/2/16,7018,4.35,1071,0,0,0,4.35,0,0,0,355,716,1690,Active,Monday
2035,5/4/16,6564,4.07,875,0,0,0,4.07,0,0,0,345,530,1658,Not Active,Wednesday
2035,4/28/16,6375,3.95,957,0,0,0,3.95,0,0,0,331,626,1649,Not Active,Thursday
2035,4/27/16,6088,3.77,872,0,0,0,3.77,0,0,0,286,586,1593,Not Active,Wednesday
2035,4/25/16,6017,3.73,1081,0,0,0,3.73,0,0,0,260,821,1576,Active,Monday
2035,5/3/16,5992,3.72,1285,0,0,0,3.72,0,0,0,304,981,1604,Active,Tuesday
2035,4/26/16,5933,3.68,1306,0,0,0,3.68,0,0,0,288,1018,1595,Active,Tuesday
2035,5/8/16,5528,3.45,868,0,0,0,3.45,0,0,0,258,610,1555,Not Active,Sunday
2035,4/13/16,4993,3.1,901,0,0,0,3.1,0,0,0,238,663,1521,Not Active,Wednesday
2035,4/30/16,4729,2.93,827,0,0,0,2.93,0,0,0,233,594,1506,Not Active,Saturday
2035,4/12/16,4414,2.74,898,0,0.19,0.35,2.2,0,3,8,181,706,1459,Not Active,Tuesday
2035,5/7/16,4193,2.6,894,0,0,0,2.6,0,0,0,229,665,1491,Not Active,Saturday
2035,4/15/16,3821,2.37,875,0,0,0,2.37,0,0,0,188,687,1444,Not Active,Friday
2035,5/1/16,3609,2.28,907,0,0,0,2.28,0,0,0,191,716,1447,Not Active,Sunday
2035,4/24/16,3490,2.16,868,0,0,0,2.16,0,0,0,164,704,1401,Not Active,Sunday
2035,4/14/16,3335,2.07,850,0,0,0,2.05,0,0,0,197,653,1431,Not Active,Thursday
2035,4/18/16,3325,2.06,1244,0,0,0,2.06,0,0,0,182,1062,1419,Active,Monday
2035,4/22/16,2915,1.81,874,0,0,0,1.81,0,0,0,162,712,1399,Not Active,Friday
2035,4/16/16,2547,1.58,878,0,0,0,1.58,0,0,0,150,728,1373,Not Active,Saturday
2035,4/21/16,2467,1.53,902,0,0,0,1.53,0,0,0,153,749,1370,Not Active,Thursday
2035,4/19/16,2424,1.5,926,0,0,0,1.5,0,0,0,141,785,1356,Not Active,Tuesday
2035,4/17/16,838,0.52,1113,0,0,0,0.52,0,0,0,60,1053,1214,Active,Sunday
2035,5/10/16,254,0.16,1019,0,0,0,0.16,0,0,0,17,1002,1141,Active,Tuesday
2279,5/2/16,3790,2.62,1440,0,1.16,0.3,1.16,0,16,8,94,1322,2505,Active,Monday
2279,4/26/16,3761,2.6,1250,0,0,0,2.6,0,0,0,192,1058,2638,Active,Tuesday
2279,4/23/16,2945,2.04,1440,0,0,0,2.04,0,0,0,145,1295,2499,Active,Saturday
2279,5/1/16,2704,1.87,1440,0,1.01,0.03,0.83,0,14,1,70,1355,2411,Active,Sunday
2279,4/14/16,2163,1.5,1389,0,0,0.4,1.1,0,0,9,88,1292,2383,Active,Thursday
2279,5/6/16,2091,1.45,1440,0,0,0,1.45,0,0,0,108,1332,2383,Active,Friday
2279,4/24/16,2090,1.45,1440,0,0.07,0.24,1.14,0,1,6,75,1358,2324,Active,Sunday
2279,5/4/16,1786,1.24,1440,0,0,0,1.24,0,0,0,87,1353,2338,Active,Wednesday
2279,4/28/16,1675,1.16,1262,0,0,0,1.16,0,0,0,95,1167,2351,Active,Thursday
2279,5/7/16,1510,1.04,1440,0,0,0,1.04,0,0,0,48,1392,2229,Active,Saturday
2279,5/3/16,1326,0.92,1440,0,0.73,0,0.18,0,10,0,17,1413,2195,Active,Tuesday
2279,4/15/16,980,0.68,992,0,0,0,0.68,0,0,0,51,941,2221,Not Active,Friday
2279,4/12/16,678,0.47,789,0,0,0,0.47,0,0,0,55,734,2220,Not Active,Tuesday
2279,4/13/16,356,0.25,1018,0,0,0,0.25,0,0,0,32,986,2151,Active,Wednesday
2279,4/18/16,244,0.17,1440,0,0,0,0.17,0,0,0,17,1423,2111,Active,Monday
2279,4/25/16,152,0.11,1315,0,0,0,0.11,0,0,0,12,1303,2100,Active,Monday
2279,4/22/16,149,0.1,1440,0,0,0,0.1,0,0,0,10,1430,2093,Active,Friday
2279,5/12/16,0,0,966,0,0,0,0,0,0,0,0,966,1383,Not Active,Thursday
2279,5/11/16,0,0,1440,0,0,0,0,0,0,0,0,1440,2063,Active,Wednesday
2279,5/10/16,0,0,1440,0,0,0,0,0,0,0,0,1440,2063,Active,Tuesday
2279,5/9/16,0,0,1440,0,0,0,0,0,0,0,0,1440,2063,Active,Monday
2279,5/8/16,0,0,1440,0,0,0,0,0,0,0,0,1440,2063,Active,Sunday
2279,5/5/16,0,0,1440,0,0,0,0,0,0,0,0,1440,2063,Active,Thursday
2279,4/30/16,0,0,1440,0,0,0,0,0,0,0,0,1440,2064,Active,Saturday
2279,4/29/16,0,0,1440,0,0,0,0,0,0,0,0,1440,2063,Active,Friday
2279,4/27/16,0,0,1440,0,0,0,0,0,0,0,0,1440,2063,Active,Wednesday
2279,4/21/16,0,0,1440,0,0,0,0,0,0,0,0,1440,2064,Active,Thursday
2279,4/20/16,0,0,1440,0,0,0,0,0,0,0,0,1440,2063,Active,Wednesday
2279,4/19/16,0,0,1440,0,0,0,0,0,0,0,0,1440,2063,Active,Tuesday
2279,4/17/16,0,0,1440,0,0,0,0,0,0,0,0,1440,2063,Active,Sunday
2279,4/16/16,0,0,1440,0,0,0,0,0,0,0,0,1440,2064,Active,Saturday
2650,5/5/16,11728,8.43,1192,0,2.62,1.68,4.04,0.07,38,42,196,916,3429,Active,Thursday
2650,5/4/16,10252,7.35,936,0,0.67,1.04,5.58,0,13,46,346,531,3879,Not Active,Wednesday
2650,4/12/16,8539,6.12,1062,0,0.15,0.24,5.68,0,4,15,331,712,3654,Active,Tuesday
2650,5/7/16,6132,4.4,1440,0,0,0,3.58,0,0,0,184,1256,2975,Active,Saturday
2650,5/8/16,5862,4.2,1038,0,0,0,4.15,0,0,0,263,775,3089,Active,Sunday
2650,5/10/16,5546,3.98,980,0,0,0,3.87,0.04,0,0,206,774,2926,Not Active,Tuesday
2650,5/9/16,4556,3.27,1406,0,0.2,0.12,2.94,0,3,5,173,1225,2785,Active,Monday
2650,5/3/16,4496,3.22,1124,0,0,0,3.15,0.05,0,0,174,950,2828,Active,Tuesday
2650,5/6/16,4369,3.13,1032,0,0,0,3.1,0.01,0,0,177,855,2704,Active,Friday
2650,5/11/16,3689,2.65,1440,0,0.11,0.17,2.33,0,2,8,134,1296,2645,Active,Wednesday
2650,4/16/16,1982,1.42,1363,0,0.45,0.37,0.59,0,65,21,55,1222,3051,Active,Saturday
2650,4/15/16,1882,1.35,1440,0,0.21,0.36,0.77,0,36,18,87,1299,2951,Active,Friday
2650,5/12/16,590,0.42,742,0,0,0,0.41,0,0,0,21,721,1120,Not Active,Thursday
2650,5/2/16,475,0.34,1392,0,0,0.04,0.29,0,0,11,31,1350,2207,Active,Monday
2650,4/14/16,108,0.08,1440,0,0,0,0.03,0,0,0,3,1437,2011,Active,Thursday
2650,4/18/16,62,0.04,1440,0,0,0,0.04,0,0,0,2,1438,1995,Active,Monday
2650,4/17/16,16,0.01,1440,0,0,0,0.01,0,0,0,2,1438,1990,Active,Sunday
2650,5/1/16,0,0,1440,0,0,0,0,0,0,0,0,1440,1980,Active,Sunday
2650,4/30/16,0,0,1440,0,0,0,0,0,0,0,0,1440,1980,Active,Saturday
2650,4/29/16,0,0,1440,0,0,0,0,0,0,0,0,1440,1980,Active,Friday
2650,4/28/16,0,0,1440,0,0,0,0,0,0,0,0,1440,1980,Active,Thursday
2650,4/27/16,0,0,1440,0,0,0,0,0,0,0,0,1440,1980,Active,Wednesday
2650,4/26/16,0,0,1440,0,0,0,0,0,0,0,0,1440,1980,Active,Tuesday
2650,4/25/16,0,0,1440,0,0,0,0,0,0,0,0,1440,1980,Active,Monday
2650,4/24/16,0,0,1440,0,0,0,0,0,0,0,0,1440,1980,Active,Sunday
2650,4/23/16,0,0,1440,0,0,0,0,0,0,0,0,1440,1980,Active,Saturday
2650,4/22/16,0,0,1440,0,0,0,0,0,0,0,0,1440,1980,Active,Friday
2650,4/21/16,0,0,1440,0,0,0,0,0,0,0,0,1440,1980,Active,Thursday
2650,4/20/16,0,0,1440,0,0,0,0,0,0,0,0,1440,1980,Active,Wednesday
2650,4/19/16,0,0,1440,0,0,0,0,0,0,0,0,1440,1980,Active,Tuesday
2650,4/13/16,0,0,1440,0,0,0,0,0,0,0,0,1440,1981,Active,Wednesday
2765,4/16/16,9685,6.65,1440,0,3.11,0.02,3.51,0.01,47,1,305,1087,2148,Active,Saturday
2765,4/23/16,9317,6.35,1440,0,2.09,0.23,4.02,0.01,28,5,330,1077,2021,Active,Saturday
2765,4/20/16,9202,6.3,1440,0,1.51,0.12,4.66,0.01,22,5,378,1035,2094,Active,Wednesday
2765,4/21/16,8859,5.98,1440,0,0.13,0.37,5.47,0.01,2,10,371,1057,1970,Active,Thursday
2765,4/12/16,8796,5.91,1440,0,0.11,0.93,4.88,0,2,21,356,1061,1982,Active,Tuesday
2765,4/15/16,8482,5.7,1440,0,0,0,5.69,0.01,0,0,448,992,2063,Active,Friday
2765,4/30/16,8452,5.68,1440,0,0.33,1.08,4.26,0.01,5,20,248,1167,1830,Active,Saturday
2765,5/5/16,8314,5.61,1440,0,0.78,0.8,4.03,0,13,23,311,1093,1971,Active,Thursday
2765,5/4/16,8278,5.56,1440,0,0,0,5.56,0,0,0,420,1020,2015,Active,Wednesday
2765,5/10/16,8275,5.56,1440,0,0,0,5.55,0.01,0,0,373,1067,1962,Active,Tuesday
2765,4/26/16,8242,5.54,1440,0,0.12,0.18,5.24,0,2,5,309,1124,1882,Active,Tuesday
2765,5/8/16,8168,5.54,1440,0,2.9,0,2.64,0,46,0,326,1068,2096,Active,Sunday
2765,4/19/16,7948,5.37,1440,0,0,0,5.36,0,0,0,389,1051,1956,Active,Tuesday
2765,4/28/16,7913,5.41,1440,0,2.16,0.34,2.91,0,28,7,213,1192,1835,Active,Thursday
2765,4/14/16,7910,5.32,1440,0,0,0,5.32,0,0,0,331,1109,1893,Active,Thursday
2765,4/18/16,7762,5.24,1440,0,0.07,0.28,4.89,0,1,6,311,1122,1890,Active,Monday
2765,5/9/16,7726,5.19,1440,0,0,0,5.19,0,0,0,345,1095,1906,Active,Monday
2765,4/13/16,7618,5.12,1440,0,0,0.22,4.88,0.02,0,8,404,1028,2004,Active,Wednesday
2765,5/12/16,7566,5.11,988,0,0,0,5.11,0,0,0,268,720,1431,Not Active,Thursday
2765,5/2/16,7525,5.06,1440,0,0,0.21,4.83,0.02,0,7,334,1099,1878,Active,Monday
2765,5/3/16,7412,4.98,1440,0,0.06,0.25,4.66,0.01,1,6,363,1070,1906,Active,Tuesday
2765,5/1/16,7399,4.97,1440,0,0.49,1.04,3.44,0,7,18,196,1219,1739,Active,Sunday
2765,4/25/16,7373,4.95,1440,0,0,0,4.95,0,0,0,359,1081,1907,Active,Monday
2765,4/29/16,7365,4.95,1440,0,1.36,1.41,2.18,0,20,23,206,1191,1780,Active,Friday
2765,4/22/16,7286,4.9,1440,0,0.46,0,4.42,0.02,46,0,366,1028,2241,Active,Friday
2765,5/6/16,7063,4.75,1440,0,0,0.12,4.61,0.01,0,5,370,1065,1910,Active,Friday
2765,4/24/16,6873,4.68,1440,0,3,0.06,1.62,0,46,1,190,1203,1898,Active,Sunday
2765,5/11/16,6440,4.33,1440,0,0,0,4.32,0.01,0,0,319,1121,1826,Active,Wednesday
2765,5/7/16,4940,3.38,1440,0,2.28,0.55,0.55,0,75,11,52,1302,1897,Active,Saturday
2765,4/27/16,3516,2.36,1440,0,0,0,2.36,0,46,0,197,1197,1966,Active,Wednesday
2765,4/17/16,2524,1.7,1440,0,0,0.35,1.34,0,0,8,160,1272,1529,Active,Sunday
2879,4/21/16,11268,8.56,1440,0,5.88,0.93,1.75,0,49,20,172,1199,2218,Active,Thursday
2879,4/27/16,10232,8.18,1440,0,6.24,0.23,1.7,0,45,5,104,1286,2008,Active,Wednesday
2879,4/17/16,10204,7.91,1440,0,5.43,0.15,2.33,0,41,5,157,1237,2112,Active,Sunday
2879,4/23/16,9282,6.26,1440,0,2.09,1.04,3.13,0,30,26,191,1193,2132,Active,Saturday
2879,4/16/16,9256,6.14,1440,0,0.43,3.27,2.45,0,6,51,115,1268,1880,Active,Saturday
2879,4/12/16,9033,7.16,1440,0,5.43,0.14,1.59,0,40,2,154,1244,2044,Active,Tuesday
2879,4/24/16,8905,7.13,1440,0,5.6,0.19,1.34,0,41,4,82,1313,1976,Active,Sunday
2879,4/13/16,8053,6.1,1440,0,4.17,0.63,1.31,0,35,11,96,1298,1935,Active,Wednesday
2879,4/25/16,6829,4.51,1440,0,0.36,2.39,1.77,0,7,54,118,1261,1909,Active,Monday
2879,4/20/16,6466,4.27,1440,0,0.33,0.82,3.11,0.01,5,18,216,1201,1931,Active,Wednesday
2879,4/29/16,6260,4.26,1423,0,1.29,0.54,2.4,0,16,14,136,1257,1854,Active,Friday
2879,4/14/16,5234,3.46,1440,0,1.93,0.99,0.54,0,29,16,33,1362,1705,Active,Thursday
2879,4/18/16,5151,3.48,1440,0,1.04,0.63,1.8,0,16,16,130,1278,1829,Active,Monday
2879,4/26/16,4562,3.04,1440,0,1.18,0.49,1.37,0,19,14,108,1299,1813,Active,Tuesday
2879,4/19/16,4212,2.78,1440,0,0,0,2.78,0,0,0,164,1276,1763,Active,Tuesday
2879,4/22/16,2824,1.87,1440,0,0,0,1.87,0,0,0,120,1320,1651,Active,Friday
2879,4/28/16,2718,1.8,1440,0,0.67,0.78,0.34,0,11,16,20,1393,1580,Active,Thursday
2879,4/15/16,2672,1.77,1440,0,0,0,1.76,0,0,0,105,1335,1632,Active,Friday
2879,4/30/16,0,0,1440,0,0,0,0,0,0,0,0,1440,0,Active,Saturday
2912,4/13/16,5974,4.47,1440,0,0,0,4.37,0,0,0,160,1280,2306,Active,Wednesday
2912,4/12/16,5394,4.03,1440,0,0,0,3.94,0,0,0,164,1276,2286,Active,Tuesday
2912,4/15/16,3984,2.95,970,0,0.21,0.26,2.44,0,3,6,88,873,1527,Not Active,Friday
2912,4/14/16,0,0,1440,0,0,0,0,0,0,0,0,1440,1776,Active,Thursday
3200,4/26/16,16208,12.85,862,0,7.51,0.92,4.42,0,90,18,161,593,3763,Not Active,Tuesday
3200,4/21/16,15148,12.01,975,2.25,6.9,0.82,4.29,0,137,16,145,677,4236,Not Active,Thursday
3200,4/15/16,14461,11.47,1002,0,4.91,1.15,5.41,0,60,23,190,729,3666,Active,Friday
3200,4/18/16,13630,10.81,1021,2.09,5.05,0.56,5.2,0,117,10,174,720,4157,Active,Monday
3200,4/14/16,13318,10.56,1017,2.25,5.62,1.03,3.91,0,123,21,174,699,4163,Active,Thursday
3200,4/19/16,13070,10.36,1030,2.25,5.3,0.88,4.18,0,120,19,154,737,4092,Active,Tuesday
3200,4/25/16,12405,9.84,966,2.09,5.05,0.87,3.92,0,117,16,141,692,4005,Not Active,Monday
3200,4/13/16,12386,9.82,979,2.09,4.96,0.65,4.21,0,116,14,169,680,4079,Not Active,Wednesday
3200,4/22/16,12200,9.67,1053,2.09,4.91,0.59,4.18,0,113,12,159,769,4044,Active,Friday
3200,5/1/16,11419,9.06,877,0,6.03,0.56,2.47,0,71,10,127,669,3369,Not Active,Sunday
3200,4/16/16,11207,8.89,790,0,5.37,1.07,2.44,0,64,21,142,563,3363,Not Active,Saturday
3200,4/20/16,9388,7.44,1022,2.09,2.23,0.44,4.78,0,82,8,169,763,3787,Active,Wednesday
3200,5/11/16,9143,7.25,1029,2.09,1.39,0.59,5.27,0,72,10,184,763,3788,Active,Wednesday
3200,5/3/16,8712,6.91,1108,2.25,1.34,1.06,4.5,0,71,20,195,822,3784,Active,Tuesday
3200,5/5/16,8567,6.79,1047,2.25,0.89,0.16,5.74,0,66,3,214,764,3783,Active,Thursday
3200,5/9/16,8382,6.65,1027,2.09,1.27,0.66,4.72,0,71,13,171,772,3721,Active,Monday
3200,5/4/16,7875,6.24,876,0,1.56,0.49,4.2,0,19,10,167,680,3110,Not Active,Wednesday
3200,4/12/16,7626,6.05,959,2.25,0.83,0.71,4.5,0,65,15,156,723,3635,Not Active,Tuesday
3200,4/27/16,7359,5.84,876,0,0.33,0.18,5.33,0,4,4,192,676,3061,Not Active,Wednesday
3200,5/6/16,7045,5.59,1076,2.09,1.55,0.25,3.78,0,74,5,166,831,3644,Active,Friday
3200,5/10/16,6582,5.22,1068,2.25,0.66,0.64,3.92,0,63,13,152,840,3586,Active,Tuesday
3200,4/29/16,6175,4.9,949,0,0.25,0.36,4.27,0,3,7,172,767,2982,Not Active,Friday
3200,5/2/16,6064,4.81,1011,2.09,0.63,0.17,4.01,0,63,4,142,802,3491,Active,Monday
3200,4/23/16,5709,4.53,905,0,1.52,0.52,2.48,0,19,10,136,740,2908,Not Active,Saturday
3200,4/28/16,5417,4.3,871,0,0.9,0.49,2.91,0,11,10,139,711,2884,Not Active,Thursday
3200,5/12/16,4561,3.62,549,0,0.65,0.27,2.69,0,8,6,102,433,1976,Not Active,Thursday
3200,5/7/16,4468,3.54,1009,0,0,0,3.54,0,0,0,158,851,2799,Active,Saturday
3200,4/24/16,3703,2.94,869,0,0,0,2.94,0,0,0,135,734,2741,Not Active,Sunday
3200,4/30/16,2946,2.34,901,0,0,0,2.34,0,0,0,121,780,2660,Not Active,Saturday
3200,5/8/16,2943,2.33,760,0,0,0,2.33,0,0,0,139,621,2685,Not Active,Sunday
3200,4/17/16,2132,1.69,692,0,0,0,1.69,0,0,0,93,599,2572,Not Active,Sunday
3577,5/5/16,13658,9.49,1346,0,2.63,1.41,5.45,0,27,34,328,957,2530,Active,Thursday
3577,4/28/16,10817,7.28,932,0,1.01,0.33,5.94,0,13,8,359,552,2367,Not Active,Thursday
3577,4/27/16,10780,7.23,1033,0,0.41,1.92,4.91,0,6,47,300,680,2324,Active,Wednesday
3577,5/4/16,10429,7.02,1440,0,0.59,0.58,5.85,0,8,13,313,1106,2282,Active,Wednesday
3577,5/9/16,10378,6.96,880,0,0.14,0.56,6.25,0,2,14,374,490,2345,Not Active,Monday
3577,4/14/16,10210,6.88,938,0,0.11,0.33,6.44,0,1,9,339,589,2302,Not Active,Thursday
3577,4/26/16,9899,6.64,966,0,0.57,0.92,5.15,0,8,21,288,649,2236,Not Active,Tuesday
3577,5/3/16,9648,6.47,990,0,0.58,1.07,4.83,0,8,26,287,669,2235,Not Active,Tuesday
3577,5/6/16,9524,6.42,1023,0,0.41,0.47,5.46,0,6,11,314,692,2266,Active,Friday
3577,5/10/16,9487,6.37,899,0,0.21,0.46,5.7,0,3,12,329,555,2260,Not Active,Tuesday
3577,5/2/16,9261,6.24,940,0,0,0.44,5.71,0,0,11,344,585,2270,Not Active,Monday
3577,4/25/16,9259,6.21,942,0,0,0.28,5.93,0,0,8,390,544,2314,Not Active,Monday
3577,5/11/16,9129,6.13,906,0,0.2,0.74,5.18,0,3,18,311,574,2232,Not Active,Wednesday
3577,4/20/16,8954,6.01,995,0,0,0.68,5.31,0,0,18,306,671,2220,Not Active,Wednesday
3577,4/19/16,8925,5.99,915,0,0,0,5.99,0,0,0,311,604,2200,Not Active,Tuesday
3577,4/30/16,8221,5.52,935,0,0.4,1.61,3.51,0,6,38,196,695,2092,Not Active,Saturday
3577,4/13/16,8204,5.5,1353,0,0.53,0.59,1.31,0,8,15,96,1234,2135,Active,Wednesday
3577,4/29/16,7990,5.36,937,0,0.45,0.79,4.12,0,6,18,289,624,2175,Not Active,Friday
3577,5/7/16,7937,5.33,896,0,0.19,1.05,4.08,0,3,28,279,586,2158,Not Active,Saturday
3577,4/12/16,7753,5.2,1440,0,0,0,0,0,0,0,0,1440,2115,Active,Tuesday
3577,4/15/16,5664,3.8,980,0,0,0,3.8,0,0,0,228,752,1985,Not Active,Friday
3577,4/23/16,4935,3.31,779,0,0,0,3.31,0,0,0,233,546,1945,Not Active,Saturday
3577,4/16/16,4744,3.18,918,0,0,0,3.18,0,0,0,194,724,1884,Not Active,Saturday
3577,4/22/16,4500,3.02,905,0,0.06,0.81,2.15,0,1,19,176,709,1886,Not Active,Friday
3577,4/24/16,4081,2.74,889,0,0.06,0.2,2.47,0,1,5,191,692,1880,Not Active,Sunday
3577,4/21/16,3702,2.48,1299,0,0,0,0.35,0,0,0,34,1265,1792,Active,Thursday
3577,5/8/16,3672,2.46,756,0,0,0,2.46,0,0,0,153,603,1792,Not Active,Sunday
3577,4/18/16,2276,1.55,892,0,0.07,0.33,1.12,0,1,9,58,824,1632,Not Active,Monday
3577,5/1/16,1251,0.84,903,0,0,0,0.84,0,0,0,67,836,1593,Not Active,Sunday
3577,4/17/16,29,0.02,1366,0,0,0,0.02,0,0,0,3,1363,1464,Active,Sunday
3577,5/12/16,17,0.01,2,0,0,0,0.01,0,0,0,2,0,257,Not Active,Thursday
3714,5/2/16,16520,11.05,1056,0,1.54,6.48,3.02,0,24,143,176,713,1760,Active,Monday
3714,5/9/16,14687,10.08,1440,0,0.77,5.6,3.55,0,8,122,151,1159,1667,Active,Monday
3714,5/3/16,14335,9.59,940,0,3.32,1.74,4.53,0,47,41,258,594,1710,Not Active,Tuesday
3714,4/24/16,14112,10,914,0,3.27,4.56,2.17,0,30,95,129,660,1655,Not Active,Sunday
3714,5/8/16,13585,9.09,984,0,0.68,5.24,3.17,0,9,116,171,688,1633,Not Active,Sunday
3714,5/4/16,13559,9.44,1104,0,1.81,4.58,2.89,0,14,96,142,852,1628,Active,Wednesday
3714,4/16/16,13459,9,930,0,2.03,4,2.97,0,31,83,153,663,1625,Not Active,Saturday
3714,4/30/16,13238,9.2,976,0,3.69,2.1,3.41,0,43,52,194,687,1650,Not Active,Saturday
3714,5/10/16,13072,8.78,988,0,0.07,5.4,3.31,0,1,115,196,676,1630,Not Active,Tuesday
3714,4/19/16,12414,8.78,1045,0,2.24,2.45,3.96,0,19,67,221,738,1638,Active,Tuesday
3714,5/5/16,12312,8.58,960,0,1.76,4.11,2.71,0,14,88,178,680,1618,Not Active,Thursday
3714,4/23/16,12058,8.07,1068,0,0,4.22,3.85,0,0,92,252,724,1638,Active,Saturday
3714,5/6/16,11677,8.28,928,0,3.11,2.51,2.67,0,29,55,168,676,1590,Not Active,Friday
3714,4/18/16,11663,7.8,918,0,0.25,3.73,3.82,0,4,95,214,605,1584,Not Active,Monday
3714,4/20/16,11658,7.83,1109,0,0.2,4.35,3.28,0,2,98,164,845,1554,Active,Wednesday
3714,5/7/16,11550,7.73,997,0,0,4.13,3.59,0,0,86,208,703,1574,Not Active,Saturday
3714,4/26/16,11388,7.62,1069,0,0.45,4.22,2.95,0,7,95,170,797,1551,Active,Tuesday
3714,4/25/16,11177,8.48,973,0,5.62,0.43,2.41,0,50,9,133,781,1570,Not Active,Monday
3714,4/29/16,10645,7.75,962,0,3.74,1.3,2.71,0,36,32,150,744,1545,Not Active,Friday
3714,4/17/16,10415,6.97,874,0,0.7,2.35,3.92,0,11,58,205,600,1529,Not Active,Sunday
3714,5/1/16,10414,7.07,896,0,2.67,1.98,2.41,0,41,40,124,691,1501,Not Active,Sunday
3714,4/13/16,10035,6.71,984,0,2.03,2.13,2.55,0,31,46,153,754,1495,Not Active,Wednesday
3714,4/15/16,9010,6.06,884,0,1.05,1.75,3.26,0,15,42,183,644,1468,Not Active,Friday
3714,4/22/16,8911,5.96,964,0,2.33,0.58,3.06,0,33,12,188,731,1481,Not Active,Friday
3714,4/12/16,8856,5.98,971,0,3.06,0.91,2.01,0,44,19,131,777,1450,Not Active,Tuesday
3714,4/14/16,7641,5.11,1043,0,0.32,0.97,3.82,0,5,23,214,801,1433,Active,Thursday
3714,4/27/16,7193,5.04,900,0,0,0.42,4.62,0,0,10,176,714,1377,Not Active,Wednesday
3714,4/28/16,7114,4.88,1017,0,1.37,0.29,3.22,0,15,8,190,804,1407,Active,Thursday
3714,4/21/16,6093,4.08,954,0,0,0,4.06,0,0,0,242,712,1397,Not Active,Thursday
3714,5/11/16,746,0.5,26,0,0.37,0,0.13,0,4,0,9,13,52,Not Active,Wednesday
4171,4/29/16,20067,14.3,1440,4.91,4.31,2.05,7.95,0,55,42,382,961,3180,Active,Friday
4171,4/25/16,18229,13.34,1440,4.86,4.31,1.37,7.67,0,51,24,379,986,3055,Active,Monday
4171,4/20/16,15566,11.31,1440,4.92,4.79,0.67,5.86,0,60,33,347,1000,3096,Active,Wednesday
4171,4/22/16,15299,10.24,1440,0,4.1,1.76,4.37,0,64,50,261,1065,2889,Active,Friday
4171,4/28/16,15128,10.12,1440,0,1.09,0.77,8.26,0,16,16,401,1007,2836,Active,Thursday
4171,4/26/16,15090,10.1,1440,0,0.93,0.94,8.23,0,16,22,424,978,2939,Active,Tuesday
4171,5/5/16,15010,11.1,1440,4.88,4.33,1.29,5.48,0,53,23,317,1047,2933,Active,Thursday
4171,4/18/16,14816,10.98,1440,4.93,3.79,2.12,5.05,0.02,48,31,284,1077,2832,Active,Monday
4171,5/3/16,14510,10.87,1440,4.91,4.48,1.02,5.36,0,58,31,330,1021,2976,Active,Tuesday
4171,4/19/16,14194,10.48,1440,4.94,4.41,0.76,5.31,0,53,17,304,1066,2812,Active,Tuesday
4171,4/12/16,14172,10.29,1440,4.87,4.5,0.38,5.41,0,53,8,355,1024,2937,Active,Tuesday
4171,4/21/16,13744,9.19,1440,0,2.15,1.87,5.17,0,30,34,327,1049,2763,Active,Thursday
4171,4/27/16,13541,10.22,1440,4.89,4.27,0.66,5.29,0,50,12,337,1041,2830,Active,Wednesday
4171,5/2/16,13041,9.18,1440,2.83,4.64,0.7,3.83,0,64,14,250,1112,2642,Active,Monday
4171,4/13/16,12862,9.65,1440,4.85,4.61,0.56,4.48,0,56,22,261,1101,2742,Active,Wednesday
4171,5/6/16,11459,7.67,1440,0,3,0.81,3.86,0,44,13,247,1136,2553,Active,Friday
4171,4/14/16,11179,8.24,1440,3.29,2.95,0.34,4.96,0,34,6,304,1096,2668,Active,Thursday
4171,4/24/16,11085,7.42,1440,0,0,0,7.42,0,0,0,419,1021,2667,Active,Sunday
4171,4/23/16,8093,5.41,1440,0,0.13,1.13,4.15,0,2,25,223,1190,2284,Active,Saturday
4171,4/17/16,8059,5.39,1440,0,0,0,5.39,0,0,0,305,1135,2383,Active,Sunday
4171,5/1/16,5600,3.75,1379,0,0,0,3.75,0,0,0,237,1142,2225,Active,Sunday
4171,4/15/16,5273,3.53,1440,0,0,0,3.53,0,0,0,202,1238,2098,Active,Friday
4171,4/16/16,4631,3.1,1358,0,0,0,3.1,0,0,0,203,1155,2076,Active,Saturday
4171,4/30/16,3761,2.52,1440,0,0,0,2.52,0,0,0,200,1240,2051,Active,Saturday
4171,5/7/16,0,0,111,0,0,0,0,0,0,0,0,111,120,Not Active,Saturday
4171,5/4/16,0,0,1440,0,0,0,0,0,0,0,0,1440,1557,Active,Wednesday
4408,4/30/16,18387,12.91,1440,0,0.94,1.4,10.57,0,13,23,361,1043,2732,Active,Saturday
4408,4/17/16,15112,11.4,1440,0,3.87,0.66,6.88,0,28,29,331,1052,2782,Active,Sunday
4408,4/20/16,15112,10.67,1440,0,3.34,1.93,5.4,0,48,63,276,1053,2897,Active,Wednesday
4408,4/18/16,14131,10.07,1440,0,3.64,0.12,6.3,0,48,3,311,1078,2770,Active,Monday
4408,4/24/16,13481,10.28,1440,0,4.55,1.15,4.58,0,37,26,216,1161,2529,Active,Sunday
4408,5/9/16,13379,9.39,1440,0,2.12,1.63,5.64,0,35,47,297,1061,2709,Active,Monday
4408,5/11/16,13272,9.32,1440,0,4.18,1.15,3.99,0,58,25,224,1133,2544,Active,Wednesday
4408,4/22/16,12954,9.33,1440,0,4.43,0.42,4.47,0,52,10,273,1105,2638,Active,Friday
4408,5/10/16,12798,8.98,1440,0,2.22,1.21,5.56,0,57,28,271,1084,2797,Active,Tuesday
4408,4/21/16,12453,8.74,1440,0,3.33,1.11,4.31,0,104,53,255,1028,3158,Active,Thursday
4408,5/3/16,12183,8.74,1440,0,3.99,0.46,4.28,0,72,14,250,1104,2752,Active,Tuesday
4408,4/13/16,12024,8.5,1440,0,2.99,0.1,5.41,0,43,5,292,1100,2601,Active,Wednesday
4408,5/5/16,11895,8.35,1440,0,2.79,0.86,4.7,0,55,20,253,1112,2609,Active,Thursday
4408,4/12/16,11875,8.34,1440,0,3.31,0.77,4.26,0,42,14,227,1157,2390,Active,Tuesday
4408,5/4/16,11768,8.29,1440,0,2.51,0.93,4.85,0,36,27,272,1105,2649,Active,Wednesday
4408,4/19/16,11548,8.53,1440,0,3.29,0.24,5,0,31,7,250,1152,2489,Active,Tuesday
4408,4/25/16,11369,8.01,1440,0,3.33,0.22,4.46,0,44,8,217,1171,2470,Active,Monday
4408,4/15/16,11034,8.03,1440,0,1.94,0.31,5.78,0,27,9,282,1122,2525,Active,Friday
4408,4/14/16,10690,7.5,1440,0,2.48,0.21,4.82,0,32,3,257,1148,2312,Active,Thursday
4408,5/1/16,10538,7.4,1440,0,1.94,0.96,4.5,0,25,28,245,1142,2380,Active,Sunday
4408,5/2/16,10379,7.29,1440,0,2.61,0.34,4.33,0,36,8,277,1119,2473,Active,Monday
4408,4/29/16,10245,7.19,1440,0,0.48,1.21,5.5,0,21,40,281,1098,2611,Active,Friday
4408,5/6/16,10227,7.18,1440,0,1.87,0.67,4.64,0,24,17,295,1104,2498,Active,Friday
4408,4/27/16,10159,7.13,1440,0,1.04,0.97,5.12,0,19,20,282,1119,2463,Active,Wednesday
4408,4/28/16,10140,7.12,1440,0,0.41,1.33,5.39,0,6,20,291,1123,2296,Active,Thursday
4408,4/26/16,10119,7.19,1440,0,1.43,0.66,5.11,0,55,24,275,1086,2793,Active,Tuesday
4408,4/16/16,10100,7.09,1440,0,3.15,0.55,3.39,0,41,11,151,1237,2177,Active,Saturday
4408,5/12/16,9117,6.41,996,0,1.28,0.67,4.44,0,16,16,236,728,1853,Not Active,Thursday
4408,5/7/16,6708,4.71,1440,0,1.61,0.08,3.02,0,20,2,149,1269,1995,Active,Saturday
4408,4/23/16,6001,4.21,1440,0,0,0,4.21,0,0,0,249,1191,2069,Active,Saturday
4408,5/8/16,3292,2.31,1440,0,0,0,2.31,0,0,0,135,1305,1848,Active,Sunday
4986,5/11/16,9105,6.11,910,0,2.25,1,2.86,0,34,22,232,622,2499,Not Active,Wednesday
4986,5/3/16,7502,5.18,990,0,2.48,0.11,2.58,0,30,2,233,725,2421,Not Active,Tuesday
4986,5/8/16,7303,4.9,1049,0,0,0.25,4.65,0,0,8,308,733,2423,Active,Sunday
4986,4/27/16,7243,5.03,1066,0,2.62,0.03,2.38,0,32,1,194,839,2361,Active,Wednesday
4986,4/15/16,7198,4.83,1061,0,0,0,4.83,0,0,0,350,711,2496,Active,Friday
4986,5/2/16,6910,4.75,898,0,2.21,0.19,2.35,0,27,4,200,667,2336,Not Active,Monday
4986,4/22/16,6831,4.58,1023,0,0,0,4.58,0,0,0,317,706,2432,Active,Friday
4986,4/26/16,6326,4.41,1049,0,2.41,0.04,1.96,0,29,1,180,839,2291,Active,Tuesday
4986,4/30/16,6222,4.18,1087,0,0,0,4.18,0,0,0,290,797,2363,Active,Saturday
4986,4/18/16,6155,4.24,1440,0,2,0.29,1.95,0,25,6,162,1247,2248,Active,Monday
4986,5/9/16,5275,3.54,907,0,0,0,3.54,0,0,0,266,641,2281,Not Active,Monday
4986,5/1/16,5232,3.51,981,0,0,0,3.51,0,0,0,240,741,2246,Not Active,Sunday
4986,5/7/16,5183,3.59,1004,0,2.13,0.19,1.25,0,26,4,108,866,2123,Active,Saturday
4986,4/24/16,5002,3.36,1440,0,0,0,3.36,0,0,0,244,1196,2247,Active,Sunday
4986,4/29/16,4676,3.14,1332,0,0,0,3.13,0,0,0,226,1106,2196,Active,Friday
4986,5/6/16,4514,3.03,1038,0,0,0,3.03,0,0,0,229,809,2211,Active,Friday
4986,4/28/16,4493,3.01,998,0,0,0,3.01,0,0,0,236,762,2203,Not Active,Thursday
4986,4/23/16,4363,2.93,1440,0,0,0,2.93,0,0,0,201,1239,2149,Active,Saturday
4986,4/14/16,3974,2.67,948,0,0,0,2.67,0,0,0,231,717,2194,Not Active,Thursday
4986,4/16/16,3945,2.65,941,0,0,0,2.65,0,0,0,225,716,2180,Not Active,Saturday
4986,5/10/16,3915,2.63,1014,0,0,0,2.63,0,0,0,231,783,2181,Active,Tuesday
4986,4/21/16,3809,2.56,971,0,0,0,2.54,0,0,0,215,756,2150,Not Active,Thursday
4986,5/5/16,3800,2.55,927,0,0.12,0.24,2.18,0,2,6,185,734,2120,Not Active,Thursday
4986,4/25/16,3385,2.27,1095,0,0,0,2.27,0,0,0,179,916,2070,Active,Monday
4986,4/12/16,3276,2.2,983,0,0,0,2.2,0,0,0,196,787,2113,Not Active,Tuesday
4986,4/13/16,2961,1.99,1034,0,0,0,1.99,0,0,0,194,840,2095,Active,Wednesday
4986,5/4/16,2923,1.96,1077,0,0,0,1.96,0,0,0,180,897,2070,Active,Wednesday
4986,4/17/16,2268,1.52,1333,0,0,0,1.52,0,0,0,114,1219,1933,Active,Sunday
4986,4/20/16,2072,1.39,978,0,0,0,1.39,0,0,0,137,841,1974,Not Active,Wednesday
4986,4/19/16,2064,1.39,1016,0,0,0,1.39,0,0,0,121,895,1954,Active,Tuesday
4986,5/12/16,768,0.52,438,0,0,0,0.52,0,0,0,58,380,1212,Not Active,Thursday
5005,5/1/16,9837,7.44,1440,0,0.66,2.75,4,0.02,8,95,282,1055,3327,Active,Sunday
5005,4/15/16,9501,7.18,1440,0,0,0,7.17,0.01,0,0,328,1112,2896,Active,Friday
5005,4/16/16,8301,6.28,1440,0,0,0,6.27,0.01,0,0,258,1182,2783,Active,Saturday
5005,4/17/16,7851,5.94,1440,0,1.14,0.79,4,0,31,12,225,1172,3171,Active,Sunday
5005,4/25/16,7802,5.9,1440,0,0.68,0.18,5.03,0.01,8,3,249,1180,2771,Active,Monday
5005,5/8/16,7706,5.83,1440,0,0,0,5.82,0,0,0,251,1189,2712,Active,Sunday
5005,4/14/16,7671,5.8,1440,0,0,0,5.77,0.03,0,0,363,1077,2952,Active,Thursday
5005,4/19/16,7142,5.4,1440,0,0,0,5.39,0.01,0,0,321,1119,2839,Active,Tuesday
5005,4/13/16,7142,5.4,1440,0,0,0,5.39,0.01,0,0,350,1090,2905,Active,Wednesday
5005,4/18/16,6885,5.21,1440,0,0,0,5.19,0.02,0,0,271,1169,2766,Active,Monday
5005,5/2/16,6781,5.13,1440,0,0,0,5.11,0.02,0,0,268,1172,2725,Active,Monday
5005,4/30/16,6744,5.1,1440,0,0,0,5.09,0.01,0,0,324,1116,2843,Active,Saturday
5005,4/20/16,6361,4.81,1440,0,0,0,4.8,0.01,0,0,258,1182,2701,Active,Wednesday
5005,5/5/16,6339,4.79,1440,0,0,0,4.79,0,0,0,239,1201,2682,Active,Thursday
5005,5/9/16,6277,4.75,1064,0,0,0,4.73,0.02,0,0,264,800,2175,Active,Monday
5005,4/22/16,6238,4.72,1440,0,0,0,4.72,0,0,0,302,1138,2796,Active,Friday
5005,5/6/16,6116,4.62,1440,0,0,0,4.59,0.03,0,0,305,1135,2806,Active,Friday
5005,5/3/16,6047,4.57,1440,0,0,0,4.57,0,0,0,240,1200,2671,Active,Tuesday
5005,4/24/16,5896,4.46,1440,0,0,0,4.46,0,0,0,258,1182,2703,Active,Sunday
5005,5/4/16,5832,4.41,1440,0,0,0,4.4,0.01,0,0,272,1168,2718,Active,Wednesday
5005,4/28/16,5731,4.33,1440,0,0,0,4.33,0,0,0,255,1185,2687,Active,Thursday
5005,4/27/16,5565,4.21,1440,0,0,0,4.18,0.03,0,0,287,1153,2743,Active,Wednesday
5005,5/7/16,5510,4.17,1440,0,0,0,4.16,0,0,0,227,1213,2613,Active,Saturday
5005,4/12/16,4562,3.45,1440,0,0,0,3.45,0,0,0,199,1241,2560,Active,Tuesday
5005,5/10/16,0,0,1440,0,0,0,0,0,0,0,0,1440,0,Active,Tuesday
5005,4/29/16,0,0,1440,0,0,0,0,0,0,0,0,1440,2060,Active,Friday
5005,4/26/16,0,0,1440,0,0,0,0,0,0,0,0,1440,2060,Active,Tuesday
5005,4/23/16,0,0,1440,0,0,0,0,0,33,0,0,1407,2664,Active,Saturday
5005,4/21/16,0,0,1440,0,0,0,0,0,0,0,0,1440,2060,Active,Thursday
5059,4/29/16,15168,11.83,1440,0,3.9,3,4.92,0,46,67,258,1069,3513,Active,Friday
5059,4/27/16,12474,9.73,1440,0,6.6,0.27,2.87,0,77,5,129,1229,3142,Active,Wednesday
5059,5/5/16,12427,9.69,1440,0,0,0,1.18,0,0,0,70,1370,3266,Active,Thursday
5059,5/3/16,12015,9.37,1440,0,0,0,0,0,0,0,0,1440,3212,Active,Tuesday
5059,4/26/16,10499,8.19,1440,0,0.07,4.22,3.89,0,1,91,214,1134,3093,Active,Tuesday
5059,4/30/16,10085,7.87,1440,0,0.15,1.28,6.43,0,2,28,317,1093,3164,Active,Saturday
5059,5/9/16,9877,7.7,1440,0,5.76,0.17,1.73,0,66,4,110,1260,2947,Active,Monday
5059,4/23/16,9423,7.35,1440,0,0.53,2.03,4.75,0,7,44,238,1151,3012,Active,Saturday
5059,5/8/16,9217,7.19,1440,0,0.22,3.31,3.66,0,3,72,182,1183,2940,Active,Sunday
5059,5/11/16,8701,6.79,1359,0,0.37,3.24,3.17,0,5,71,177,1106,2804,Active,Wednesday
5059,4/22/16,8687,6.78,1440,0,0.29,2.41,4.08,0,4,54,212,1170,2944,Active,Friday
5059,4/21/16,8538,6.66,1440,0,2.63,1.02,3.01,0,35,18,158,1229,2883,Active,Thursday
5059,5/2/16,8469,6.61,1440,0,0,0,0,0,0,0,0,1440,2894,Active,Monday
5059,4/24/16,8286,6.46,1440,0,0.15,2.05,4.27,0,2,44,206,1188,2889,Active,Sunday
5059,5/10/16,8240,6.43,1440,0,0.69,2.01,3.72,0,9,43,162,1226,2846,Active,Tuesday
5059,4/28/16,6174,4.82,1440,0,0,1.2,3.61,0,0,28,203,1209,2757,Active,Thursday
5059,5/7/16,6117,4.77,1440,0,0,0,4.77,0,0,0,250,1190,2810,Active,Saturday
5059,5/6/16,5843,4.56,1440,0,0.14,1.19,3.23,0,2,22,166,1250,2683,Active,Friday
5059,4/19/16,5697,4.44,1440,0,0.53,0.48,3.44,0,7,10,166,1257,2668,Active,Tuesday
5059,4/13/16,5571,4.35,1440,0,0.15,0.97,3.23,0,2,23,163,1252,2654,Active,Wednesday
5059,4/16/16,5319,4.15,1440,0,0,0,0,0,0,0,0,1440,2693,Active,Saturday
5059,4/20/16,5273,4.11,1440,0,0,1.04,3.07,0,0,27,167,1246,2647,Active,Wednesday
5059,4/12/16,5014,3.91,1440,0,0,0.33,3.58,0,0,7,196,1237,2650,Active,Tuesday
5059,5/1/16,4512,3.52,1440,0,0.78,0.12,2.04,0,10,2,117,1311,2596,Active,Sunday
5059,4/25/16,4503,3.51,1440,0,1.47,0.24,1.81,0,18,6,122,1294,2547,Active,Monday
5059,4/18/16,3864,3.01,1440,0,0.31,1.06,1.35,0,4,22,105,1309,2536,Active,Monday
5059,5/4/16,3588,2.8,1440,0,0,0,0,0,0,0,0,1440,2516,Active,Wednesday
5059,4/15/16,3430,2.68,1440,0,0,0,0.9,0,0,0,65,1375,2505,Active,Friday
5059,4/14/16,3135,2.45,1440,0,0,0,2.43,0,0,0,134,1306,2443,Active,Thursday
5059,4/17/16,3008,2.35,1440,0,0,0,0,0,0,0,0,1440,2439,Active,Sunday
5059,5/12/16,0,0,1440,0,0,0,0,0,0,0,0,1440,0,Active,Thursday
5072,4/21/16,8054,5.32,1440,0,0.12,0.52,4.68,0,2,13,308,1117,2062,Active,Thursday
5072,4/14/16,7937,5.25,1216,0,0,0,5.23,0,0,0,373,843,2130,Active,Thursday
5072,4/28/16,6907,4.57,1440,0,0,0,4.56,0,0,0,302,1138,1992,Active,Thursday
5072,4/12/16,6697,4.43,1440,0,0,0,4.43,0,0,0,339,1101,2030,Active,Tuesday
5072,4/22/16,5372,3.55,1440,0,0,0,3.55,0,0,0,220,1220,1827,Active,Friday
5072,4/13/16,4929,3.26,1440,0,0,0,3.26,0,0,0,248,1192,1860,Active,Wednesday
5072,4/29/16,4920,3.25,1329,0,0,0,3.25,0,0,0,247,1082,1856,Active,Friday
5072,4/18/16,4597,3.04,1440,0,0,0.48,2.56,0,0,12,217,1211,1814,Active,Monday
5072,4/17/16,4525,2.99,1440,0,0.14,0.26,2.59,0,2,8,199,1231,1793,Active,Sunday
5072,5/3/16,4059,2.68,1440,0,0,0,2.68,0,0,0,184,1256,1742,Active,Tuesday
5072,4/30/16,4014,2.67,402,0,0,0,2.65,0,0,0,184,218,1763,Not Active,Saturday
5072,4/15/16,3844,2.54,703,0,0,0,2.54,0,0,0,176,527,1725,Not Active,Friday
5072,4/23/16,3570,2.36,1440,0,0,0,2.36,0,0,0,139,1301,1645,Active,Saturday
5072,4/16/16,3414,2.26,1440,0,0,0,2.26,0,0,0,147,1293,1657,Active,Saturday
5072,5/1/16,2573,1.7,667,0,0,0.26,1.45,0,0,7,75,585,1541,Not Active,Sunday
5072,5/5/16,2237,1.48,1440,0,0,0,1.48,0,0,0,120,1320,1589,Active,Thursday
5072,5/4/16,2080,1.37,1440,0,0,0,1.37,0,0,0,87,1353,1549,Active,Wednesday
5072,4/19/16,197,0.13,1440,0,0,0,0.13,0,0,0,10,1430,1366,Active,Tuesday
5072,5/6/16,44,0.03,1440,0,0,0,0.03,0,0,0,2,1438,1351,Active,Friday
5072,4/20/16,8,0.01,1440,0,0,0,0.01,0,0,0,1,1439,1349,Active,Wednesday
5072,4/27/16,4,0,1440,0,0,0,0,0,0,0,1,1439,1348,Active,Wednesday
5072,5/12/16,0,0,711,0,0,0,0,0,0,0,0,711,665,Not Active,Thursday
5072,5/11/16,0,0,1440,0,0,0,0,0,0,0,0,1440,1347,Active,Wednesday
5072,5/10/16,0,0,1440,0,0,0,0,0,0,0,0,1440,1347,Active,Tuesday
5072,5/9/16,0,0,1440,0,0,0,0,0,0,0,0,1440,1347,Active,Monday
5072,5/8/16,0,0,1440,0,0,0,0,0,0,0,0,1440,1347,Active,Sunday
5072,5/7/16,0,0,1440,0,0,0,0,0,0,0,0,1440,1347,Active,Saturday
5072,5/2/16,0,0,1440,0,0,0,0,0,0,0,0,1440,1348,Active,Monday
5072,4/26/16,0,0,1440,0,0,0,0,0,0,0,0,1440,1347,Active,Tuesday
5072,4/25/16,0,0,1440,0,0,0,0,0,0,0,0,1440,1347,Active,Monday
5072,4/24/16,0,0,1440,0,0,0,0,0,0,0,0,1440,1347,Active,Sunday
5328,4/24/16,22988,17.95,1440,0,13.13,1.55,3.26,0,129,33,182,1096,3577,Active,Sunday
5328,4/23/16,22359,17.19,1103,0,12.54,0.63,4.02,0,125,14,223,741,3554,Active,Saturday
5328,5/8/16,22026,17.65,1440,0,13.4,0.59,3.66,0,125,14,228,1073,3589,Active,Sunday
5328,4/15/16,20669,16.24,1440,0,13.26,0.39,2.59,0,132,8,158,1142,3410,Active,Friday
5328,4/25/16,20500,15.69,1440,0,11.37,0.46,3.86,0,118,9,209,1104,3403,Active,Monday
5328,4/14/16,20159,15.97,1440,0,12.34,0.21,3.36,0,119,5,193,1123,3411,Active,Thursday
5328,5/7/16,19769,15.67,1365,0,12.44,0.88,2.35,0,121,20,148,1076,3331,Active,Saturday
5328,4/17/16,18827,13.69,1440,0,9.24,0.8,3.64,0,111,21,195,1113,3213,Active,Sunday
5328,4/12/16,18060,14.12,1440,0,11.64,0.39,2.1,0,116,8,123,1193,3186,Active,Tuesday
5328,4/18/16,17076,12.66,1440,0,9.08,0.23,3.35,0,102,6,195,1137,3133,Active,Monday
5328,4/13/16,16433,13.35,1440,0,10.43,0.47,2.45,0,95,12,156,1177,3140,Active,Wednesday
5328,4/21/16,16057,12.51,1440,0,9.67,0.25,2.58,0,100,6,170,1164,3103,Active,Thursday
5328,4/19/16,15929,12.48,1440,0,9.22,0.31,2.95,0,90,7,191,1152,3114,Active,Tuesday
5328,5/3/16,15484,11.9,1440,0,8.39,0.93,2.59,0,87,22,165,1166,3023,Active,Tuesday
5328,4/28/16,15447,12.4,1440,0,9.67,0.39,2.35,0,90,9,153,1188,3062,Active,Thursday
5328,4/20/16,15108,12.19,947,0,9.58,0.23,2.38,0,89,5,158,695,3043,Not Active,Wednesday
5328,5/5/16,14990,11.51,1440,0,8.85,0.45,2.21,0,93,9,130,1208,2950,Active,Thursday
5328,5/10/16,14810,11.36,1440,0,9.09,0.42,1.85,0,96,10,115,1219,2926,Active,Tuesday
5328,5/4/16,14581,11.15,1440,0,8.82,0.4,1.91,0,89,8,123,1220,2918,Active,Wednesday
5328,4/16/16,14549,11.11,1440,0,9.36,0.27,1.49,0,96,6,83,1255,2867,Active,Saturday
5328,5/6/16,13953,11,1440,0,9.1,0.69,1.21,0,90,15,90,1245,2859,Active,Friday
5328,4/26/16,12685,9.62,1440,0,6.31,0.2,3.1,0,68,5,185,1182,2846,Active,Tuesday
5328,5/9/16,12465,9.38,1440,0,6.12,0.57,2.69,0,66,12,148,1214,2765,Active,Monday
5328,4/27/16,12422,9.82,1440,0,6.46,0.43,2.93,0,60,10,183,1187,2852,Active,Wednesday
5328,4/29/16,12315,9.65,1440,0,6.17,0.31,3.17,0,58,8,159,1215,2794,Active,Friday
5328,5/11/16,12209,9.4,1440,0,6.08,0.28,3.04,0,60,7,184,1189,2809,Active,Wednesday
5328,4/22/16,10520,8.29,1440,0,6.26,0.15,1.88,0,60,3,117,1260,2655,Active,Friday
5328,4/30/16,7135,5.59,1440,0,2.99,0.06,2.54,0,27,1,131,1281,2408,Active,Saturday
5328,5/12/16,4998,3.91,910,0,2.95,0.2,0.76,0,28,4,39,839,1505,Not Active,Thursday
5328,5/2/16,1969,1.43,1440,0,0,0,1.43,0,0,0,95,1345,1988,Active,Monday
5328,5/1/16,1170,0.85,1440,0,0,0,0.85,0,0,0,51,1389,1886,Active,Sunday
6160,4/21/16,19542,15.01,903,0,0.98,0.4,5.62,0,11,19,294,579,4900,Not Active,Thursday
6160,4/16/16,14450,10.91,1042,0,0.58,0.85,9.48,0,7,15,518,502,2828,Active,Saturday
6160,4/15/16,14019,10.59,1440,0,0,0.28,10.3,0,0,6,513,921,2865,Active,Friday
6160,4/23/16,11495,8.68,980,0,0,0,8.68,0,0,0,512,468,2651,Not Active,Saturday
6160,4/19/16,11135,8.41,905,0,0,0,8.41,0,0,0,480,425,2606,Not Active,Tuesday
6160,4/20/16,10449,8.02,972,0,2.03,0.48,5.52,0,26,10,349,587,2536,Not Active,Wednesday
6160,5/5/16,9799,7.4,966,0,0,0,7.4,0,0,0,487,479,2636,Not Active,Thursday
6160,4/29/16,9592,7.24,940,0,0,0,7.24,0,0,0,461,479,2560,Not Active,Friday
6160,4/26/16,9543,7.21,1436,0,0,0.34,6.87,0,0,7,352,1077,2450,Active,Tuesday
6160,4/27/16,9411,7.11,875,0,0,0,7.11,0,0,0,458,417,2576,Not Active,Wednesday
6160,5/1/16,8915,6.73,922,0,0,0,6.73,0,0,0,397,525,2361,Not Active,Sunday
6160,4/22/16,8206,6.2,815,0,0,0,6.2,0,0,0,402,413,2409,Not Active,Friday
6160,4/24/16,7623,5.76,1073,0,0,0,5.76,0,0,0,362,711,2305,Active,Sunday
6160,5/7/16,7336,5.54,868,0,0,0,5.54,0,0,0,412,456,2469,Not Active,Saturday
6160,5/8/16,7328,5.53,835,0,0,0,5.53,0,0,0,318,517,2250,Not Active,Sunday
6160,4/17/16,7150,5.4,1014,0,0,0,5.4,0,0,0,312,702,2225,Active,Sunday
6160,4/30/16,6987,5.28,1383,0,0,0,5.28,0,0,0,343,1040,2275,Active,Saturday
6160,4/18/16,5153,3.91,1000,0,0,0,3.89,0,0,0,241,759,2018,Active,Monday
6160,5/2/16,4933,3.73,1440,0,0,0,3.73,0,0,0,236,1204,2044,Active,Monday
6160,5/9/16,4477,3.38,322,0,0,0,3.38,0,0,0,197,125,1248,Not Active,Monday
6160,4/28/16,3403,2.6,899,0,0,0,2.6,0,0,0,141,758,1879,Not Active,Thursday
6160,5/6/16,3365,2.68,806,0,0,0,2.68,0,0,0,133,673,1838,Not Active,Friday
6160,5/4/16,2997,2.26,1435,0,0,0,2.26,0,0,0,156,1279,1902,Active,Wednesday
6160,5/3/16,0,0,1440,0,0,0,0,0,0,0,0,1440,1496,Active,Tuesday
6160,4/25/16,0,0,1440,0,0,0,0,0,0,0,0,1440,1497,Active,Monday
6160,4/14/16,0,0,1440,0,0,0,0,0,0,0,0,1440,1496,Active,Thursday
6160,4/13/16,0,0,1440,0,0,0,0,0,0,0,0,1440,1496,Active,Wednesday
6160,4/12/16,0,0,1440,0,0,0,0,0,0,0,0,1440,1496,Active,Tuesday
7002,4/12/16,10725,7.49,1440,0,1.17,0.31,6.01,0,13,9,306,1112,2124,Active,Tuesday
7002,5/3/16,7443,5.02,1440,0,1.49,0.37,3.16,0,20,10,206,1204,1878,Active,Tuesday
7002,5/7/16,7379,4.97,1440,0,0,0,4.97,0,0,0,319,1121,1972,Active,Saturday
7002,4/13/16,7275,4.9,1440,0,0,0,4.9,0,0,0,335,1105,2003,Active,Wednesday
7002,4/20/16,7192,4.85,1440,0,0,0.49,4.34,0,0,11,283,1146,1922,Active,Wednesday
7002,4/18/16,6559,4.42,1440,0,0,0.26,4.14,0,0,7,260,1173,1905,Active,Monday
7002,5/11/16,6424,4.33,1440,0,0,0,4.33,0,0,0,300,1140,1903,Active,Wednesday
7002,5/10/16,6227,4.2,1440,0,0,0,4.2,0,0,0,290,1150,1899,Active,Tuesday
7002,4/17/16,6198,4.18,1440,0,0,0,4.18,0,0,0,249,1191,1852,Active,Sunday
7002,4/19/16,5997,4.04,1440,0,0,0.38,3.66,0,0,11,228,1201,1811,Active,Tuesday
7002,4/22/16,5583,3.76,1440,0,0,0,3.76,0,0,0,266,1174,1851,Active,Friday
7002,4/15/16,5205,3.51,1440,0,0,0,3.51,0,0,0,245,1195,1801,Active,Friday
7002,5/5/16,5202,3.51,1440,0,0,0.39,3.11,0,0,11,223,1206,1780,Active,Thursday
7002,5/8/16,5161,3.48,1440,0,0,0,3.47,0,0,0,247,1193,1821,Active,Sunday
7002,4/23/16,5079,3.42,1371,0,0,0,3.42,0,0,0,242,1129,1804,Active,Saturday
7002,4/16/16,5057,3.41,1440,0,0,0,3.4,0,0,0,195,1245,1724,Active,Saturday
7002,5/6/16,4878,3.29,1440,0,0,0,3.29,0,0,0,204,1236,1742,Active,Friday
7002,4/30/16,4571,3.08,1440,0,0,0,3.07,0,0,0,234,1206,1779,Active,Saturday
7002,4/24/16,4165,2.81,1440,0,0,0,2.8,0,0,0,204,1236,1725,Active,Sunday
7002,4/14/16,3973,2.68,1440,0,0,0,2.68,0,0,0,191,1249,1696,Active,Thursday
7002,5/2/16,3634,2.45,1440,0,0.36,0.21,1.88,0,5,6,123,1306,1613,Active,Monday
7002,4/25/16,3588,2.42,1440,0,0.23,0.2,1.99,0,3,5,152,1280,1654,Active,Monday
7002,4/26/16,3409,2.3,1440,0,0,0,2.3,0,0,0,147,1293,1632,Active,Tuesday
7002,4/21/16,3404,2.29,1440,0,0.06,0.42,1.81,0,1,10,127,1302,1610,Active,Thursday
7002,5/9/16,3090,2.08,1440,0,0,0,2.08,0,0,0,145,1295,1630,Active,Monday
7002,5/12/16,2661,1.79,958,0,0,0,1.79,0,0,0,128,830,1125,Not Active,Thursday
7002,4/27/16,1715,1.16,1440,0,0,0,1.16,0,0,0,82,1358,1481,Active,Wednesday
7002,4/28/16,1532,1.03,1440,0,0,0,1.03,0,0,0,76,1364,1473,Active,Thursday
7002,5/4/16,1201,0.81,1440,0,0,0,0.81,0,0,0,52,1388,1426,Active,Wednesday
7002,4/29/16,924,0.62,1440,0,0,0,0.62,0,0,0,45,1395,1410,Active,Friday
7002,5/1/16,772,0.52,1440,0,0,0,0.52,0,0,0,40,1400,1403,Active,Sunday
7443,4/14/16,17022,11.12,1051,0,4,2.45,4.67,0,61,41,256,693,2324,Active,Thursday
7443,4/15/16,16556,10.86,1024,0,4.16,1.98,4.71,0,58,38,239,689,2254,Active,Friday
7443,5/10/16,16358,10.71,1073,0,3.87,1.61,5.2,0,61,40,265,707,2335,Active,Tuesday
7443,4/19/16,15482,10.11,1102,0,4.28,1.66,4.18,0,69,28,249,756,2284,Active,Tuesday
7443,5/5/16,14331,9.51,1006,0,3.43,1.66,4.43,0,44,29,241,692,2156,Active,Thursday
7443,5/3/16,12848,8.39,1114,0,1.5,1.2,5.68,0,26,29,247,812,2116,Active,Tuesday
7443,4/29/16,12764,8.33,1040,0,2.79,0.64,4.91,0,46,15,270,709,2169,Active,Friday
7443,4/21/16,12346,8.06,1067,0,2.95,2.16,2.96,0,47,42,177,801,2066,Active,Thursday
7443,4/26/16,11886,7.76,1046,0,2.37,0.93,4.46,0,40,18,238,750,2093,Active,Tuesday
7443,4/22/16,11682,7.63,1092,0,1.38,0.63,5.6,0,25,16,270,781,2105,Active,Friday
7443,5/9/16,11611,7.58,999,0,2.13,0.89,4.56,0,59,22,251,667,2272,Not Active,Monday
7443,4/12/16,11596,7.57,1076,0,1.37,0.79,5.41,0,19,13,277,767,2026,Active,Tuesday
7443,4/28/16,11393,7.63,954,0,3.71,0.75,3.17,0,49,13,165,727,1999,Not Active,Thursday
7443,4/25/16,10946,7.19,995,0,2.93,0.57,3.69,0,51,11,201,732,2033,Not Active,Monday
7443,4/27/16,10538,6.88,983,0,1.14,1,4.74,0,16,16,206,745,1922,Not Active,Wednesday
7443,5/2/16,9769,6.38,983,0,1.06,0.41,4.9,0,23,9,227,724,1996,Not Active,Monday
7443,5/6/16,9632,6.29,1020,0,1.52,0.54,4.23,0,21,9,229,761,1916,Active,Friday
7443,5/8/16,6083,4,726,0,0.22,0.47,3.3,0,3,8,210,505,1762,Not Active,Sunday
7443,4/16/16,5771,3.77,809,0,0,0,3.77,0,0,0,288,521,1831,Not Active,Saturday
7443,5/1/16,5164,3.37,673,0,0,0,3.37,0,0,0,237,436,1747,Not Active,Sunday
7443,5/11/16,4926,3.22,823,0,0,0,3.22,0,0,0,195,628,1693,Not Active,Wednesday
7443,4/13/16,4832,3.16,873,0,0,0,3.16,0,0,0,226,647,1718,Not Active,Wednesday
7443,5/4/16,4249,2.77,875,0,0,0,2.77,0,0,0,224,651,1698,Not Active,Wednesday
7443,4/23/16,4112,2.69,715,0,0,0,2.68,0,0,0,272,443,1776,Not Active,Saturday
7443,4/18/16,3727,2.43,828,0,0,0,2.43,0,0,0,206,622,1683,Not Active,Monday
7443,5/12/16,3121,2.04,284,0,0.58,0.4,1.06,0,8,6,48,222,741,Not Active,Thursday
7443,4/20/16,2713,1.77,746,0,0,0,1.77,0,0,0,148,598,1570,Not Active,Wednesday
7443,5/7/16,1868,1.22,998,0,0,0,1.22,0,0,0,96,902,1494,Not Active,Saturday
7443,4/24/16,1807,1.18,686,0,0,0,1.18,0,0,0,104,582,1507,Not Active,Sunday
7443,4/30/16,1202,0.78,590,0,0,0,0.78,0,0,0,84,506,1463,Not Active,Saturday
7443,4/17/16,655,0.43,989,0,0,0,0.43,0,0,0,46,943,1397,Not Active,Sunday
7796,4/16/16,22244,15.08,1374,0,5.45,4.1,5.53,0,66,72,268,968,2670,Active,Saturday
7796,4/23/16,16901,11.37,1018,0,2.78,1.45,7.15,0,32,35,360,591,2629,Active,Saturday
7796,4/27/16,11423,7.58,953,0,1.86,0.4,5.32,0,26,9,295,623,2194,Not Active,Wednesday
7796,4/20/16,10999,7.27,1334,0,0.68,1.81,4.78,0,11,43,269,1011,2198,Active,Wednesday
7796,4/15/16,10465,6.92,1029,0,0.07,1.42,5.43,0,1,24,284,720,2133,Active,Friday
7796,4/13/16,10352,7.01,922,0,1.66,1.94,3.41,0,19,32,195,676,2038,Not Active,Wednesday
7796,4/14/16,10129,6.7,960,0,0.02,2.74,3.94,0,1,48,206,705,2010,Not Active,Thursday
7796,4/12/16,10113,6.83,1325,0,2,0.62,4.2,0,28,13,320,964,2344,Active,Tuesday
7796,4/21/16,10080,6.75,1018,0,1.85,1.53,3.38,0,23,26,208,761,2048,Active,Thursday
7796,4/25/16,9482,6.38,956,0,1.27,0.52,4.6,0,15,11,277,653,2095,Not Active,Monday
7796,4/24/16,9471,6.26,944,0,0,0,6.26,0,0,0,360,584,2187,Not Active,Sunday
7796,4/18/16,8247,5.45,911,0,0.79,0.86,3.79,0,11,16,206,678,1944,Not Active,Monday
7796,4/22/16,7804,5.16,1023,0,0.56,1.68,2.92,0,9,27,206,781,1946,Active,Friday
7796,4/19/16,6711,4.44,1037,0,0,0,4.44,0,0,7,382,648,2346,Active,Tuesday
7796,4/26/16,5980,3.95,959,0,0,0,3.95,0,0,0,227,732,1861,Not Active,Tuesday
7796,4/17/16,5472,3.62,765,0,0.08,0.28,3.26,0,1,7,249,508,1882,Not Active,Sunday
7796,4/28/16,5439,3.6,993,0,0,0,3.6,0,0,0,229,764,1854,Not Active,Thursday
7796,4/29/16,42,0.03,6,0,0,0,0.03,0,0,0,4,2,403,Not Active,Friday
8164,4/13/16,9715,6.63,1440,0,0.99,0.34,5.27,0.02,16,8,371,1045,2093,Active,Wednesday
8164,4/29/16,9135,6.23,1440,0,0,0,6.22,0.01,0,0,402,1038,2044,Active,Friday
8164,4/21/16,8857,6.07,1440,0,1.15,0.26,4.64,0.01,18,9,376,1037,2124,Active,Thursday
8164,4/14/16,8844,6.03,1440,0,0.34,1.03,4.65,0.01,6,25,370,1039,2065,Active,Thursday
8164,4/26/16,8283,5.79,1440,0,1.85,0.05,3.87,0.01,22,2,333,1083,2057,Active,Tuesday
8164,4/17/16,8199,5.88,1440,0,1.41,0.1,4.36,0.01,11,2,322,1105,1964,Active,Sunday
8164,4/27/16,7904,5.42,1440,0,1.58,0.63,3.19,0.01,24,13,346,1057,2095,Active,Wednesday
8164,4/19/16,7711,5.26,1440,0,0,0,5.24,0.02,0,0,376,1064,1985,Active,Tuesday
8164,4/15/16,7451,5.08,1440,0,0,0,5.06,0.02,0,0,335,1105,1908,Active,Friday
8164,4/23/16,7396,5.07,1440,0,1.4,0.08,3.58,0,20,2,303,1115,1995,Active,Saturday
8164,4/16/16,6905,4.73,1440,0,0,0,4.7,0.03,0,0,356,1084,1908,Active,Saturday
8164,4/18/16,6798,4.64,1440,0,1.08,0.2,3.35,0,20,7,343,1070,2014,Active,Monday
8164,4/24/16,6731,4.59,1440,0,0.89,0.19,3.49,0.02,14,7,292,1127,1921,Active,Sunday
8164,4/25/16,5995,4.09,1440,0,0,0,4.09,0,0,0,416,1024,2010,Active,Monday
8164,4/28/16,5512,3.76,1440,0,0,0,3.76,0,0,0,385,1055,1972,Active,Thursday
8164,4/30/16,5250,3.58,1440,0,1.06,0.09,2.42,0.01,17,4,300,1119,1946,Active,Saturday
8164,4/20/16,4880,3.33,1440,0,0.84,0.09,2.38,0.02,15,3,274,1148,1867,Active,Wednesday
8164,4/12/16,4747,3.24,1440,0,0,0,3.23,0.01,0,0,280,1160,1788,Active,Tuesday
8164,4/22/16,3843,2.62,1440,0,0,0,2.61,0.01,0,0,206,1234,1669,Active,Friday
8164,5/1/16,3077,2.1,1014,0,0,0,2.09,0,0,0,172,842,1237,Active,Sunday
8955,4/20/16,10771,7.72,1440,0,3.77,1.74,2.22,0,70,113,178,1079,3727,Active,Wednesday
8955,4/18/16,8294,5.95,1440,0,2,0.77,3.17,0,30,31,146,1233,2798,Active,Monday
8955,4/26/16,7091,5.27,1440,1.96,3.48,0.87,0.73,0,42,30,47,1321,2584,Active,Tuesday
8955,4/25/16,6474,4.64,1440,0,2.27,0.46,1.9,0,33,13,92,1302,2484,Active,Monday
8955,4/14/16,5162,3.7,1006,0,0.87,0.86,1.97,0,14,24,105,863,2507,Active,Thursday
8955,4/16/16,4732,3.39,1440,0,2.52,0.81,0.06,0,36,18,9,1377,2225,Active,Saturday
8955,5/6/16,4697,3.37,1440,0,0.47,0.93,1.93,0,12,35,75,1318,2496,Active,Friday
8955,4/13/16,4053,2.91,1173,0,1.11,0.58,1.22,0,17,18,85,1053,2400,Active,Wednesday
8955,4/30/16,2503,1.79,1440,0,0.16,0.16,1.48,0,3,9,84,1344,2280,Active,Saturday
8955,4/17/16,2497,1.79,1440,0,0.35,1.13,0.31,0,5,24,19,1392,2067,Active,Sunday
8955,5/1/16,2487,1.78,1440,0,0.48,0.62,0.68,0,9,34,50,1347,2319,Active,Sunday
8955,4/24/16,2153,1.54,1440,0,0.77,0.62,0.15,0,11,18,11,1400,2053,Active,Sunday
8955,5/7/16,1967,1.41,607,0,0.13,0.24,1.05,0,2,5,49,551,1032,Not Active,Saturday
8955,4/15/16,1282,0.92,1034,0,0,0,0.92,0,0,0,58,976,2127,Active,Friday
8955,4/28/16,703,0.5,1440,0,0.06,0.2,0.24,0,2,13,15,1410,1993,Active,Thursday
8955,4/22/16,637,0.46,1440,0,0,0,0.46,0,0,0,20,1420,1922,Active,Friday
8955,5/3/16,9,0.01,1440,0,0,0,0.01,0,0,0,1,1439,1843,Active,Tuesday
8955,5/5/16,0,0,1440,0,0,0,0,0,0,0,0,1440,1841,Active,Thursday
8955,5/4/16,0,0,1440,0,0,0,0,0,0,0,0,1440,1841,Active,Wednesday
8955,5/2/16,0,0,1440,0,0,0,0,0,0,0,0,1440,1841,Active,Monday
8955,4/29/16,0,0,1440,0,0,0,0,0,0,0,0,1440,1841,Active,Friday
8955,4/27/16,0,0,1440,0,0,0,0,0,0,0,0,1440,1841,Active,Wednesday
8955,4/23/16,0,0,1440,0,0,0,0,0,0,0,0,1440,1841,Active,Saturday
8955,4/21/16,0,0,1440,0,0,0,0,0,0,0,0,1440,1841,Active,Thursday
8955,4/19/16,0,0,1440,0,0,0,0,0,0,0,0,1440,1841,Active,Tuesday
8955,4/12/16,0,0,1440,0,0,0,0,0,0,0,0,1440,1841,Active,Tuesday
9391,4/16/16,29326,25.29,1440,0,13.24,1.21,10.71,0,94,29,429,888,4547,Active,Saturday
9391,4/30/16,27745,26.72,1440,0,21.66,0.08,4.93,0,124,4,223,1089,4398,Active,Saturday
9391,4/27/16,23629,20.65,1440,0,13.07,0.44,7.1,0,93,8,235,1104,3808,Active,Wednesday
9391,4/12/16,23186,20.4,1440,0,12.22,0.34,7.82,0,85,7,312,1036,3921,Active,Tuesday
9391,5/6/16,21727,19.34,1440,0,12.79,0.29,6.16,0,96,17,232,1095,4015,Active,Friday
9391,5/11/16,21420,19.56,1440,0,13.22,0.41,5.89,0,88,12,213,1127,3832,Active,Wednesday
9391,4/14/16,21129,18.98,1440,0,10.55,0.59,7.75,0.02,68,13,298,1061,3793,Active,Thursday
9391,5/9/16,20226,18.25,1440,0,11.1,0.8,6.24,0.05,73,19,217,1131,3710,Active,Monday
9391,4/20/16,19948,18.11,1440,0,11.02,0.69,6.34,0,73,19,225,1123,3679,Active,Wednesday
9391,4/21/16,19377,17.62,1440,0,12.29,0.42,4.89,0,82,13,226,1119,3659,Active,Thursday
9391,4/19/16,18785,17.4,1440,0,12.15,0.18,5.03,0,82,13,214,1131,3676,Active,Tuesday
9391,4/22/16,18258,16.31,1440,0,10.23,0.03,5.97,0.05,61,2,236,1141,3427,Active,Friday
9391,5/4/16,18193,16.3,1440,0,10.42,0.31,5.53,0,66,8,212,1154,3477,Active,Wednesday
9391,4/24/16,16674,15.74,1440,0,11.01,0.01,4.69,0,64,1,227,1148,3455,Active,Sunday
9391,4/13/16,15337,9.58,1440,0,3.55,0.38,5.64,0,108,18,216,1098,3566,Active,Wednesday
9391,4/17/16,15118,8.87,1440,0,0,0.07,8.79,0,58,15,307,1060,3545,Active,Sunday
9391,4/28/16,14890,11.3,1440,0,4.93,0.38,5.97,0,58,8,231,1143,3060,Active,Thursday
9391,5/5/16,14055,10.67,1440,0,5.46,0.82,4.37,0,67,15,188,1170,3052,Active,Thursday
9391,4/15/16,13422,7.17,1440,0,0.05,0.05,7.01,0.01,106,1,281,1052,3934,Active,Friday
9391,4/25/16,12986,8.74,1440,0,2.37,0.07,6.27,0.01,113,8,218,1101,3802,Active,Monday
9391,5/7/16,12332,8.13,1440,0,0.08,0.96,6.99,0,105,28,271,1036,4142,Active,Saturday
9391,4/18/16,11423,8.67,1440,0,2.44,0.27,5.94,0,29,5,191,1215,2761,Active,Monday
9391,4/23/16,11200,7.43,1440,0,0,0,7.4,0.01,102,6,300,1032,3891,Active,Saturday
9391,4/26/16,11101,8.43,1440,0,1.76,0.13,6.5,0,22,3,258,1157,2860,Active,Tuesday
9391,5/1/16,10930,8.32,1440,0,3.13,0.57,4.57,0,36,12,166,1226,2786,Active,Sunday
9391,5/3/16,10818,8.21,1440,0,1.39,0.1,6.67,0.01,19,3,229,1189,2817,Active,Tuesday
9391,5/10/16,10733,8.15,1440,0,1.35,0.46,6.28,0,18,11,224,1187,2832,Active,Tuesday
9391,5/8/16,10686,8.11,1440,0,1.08,0.2,6.8,0,17,4,245,1174,2847,Active,Sunday
9391,4/29/16,9733,7.39,1440,0,1.38,0.17,5.79,0,18,5,210,1207,2698,Active,Friday
9391,5/12/16,8064,6.12,931,0,1.82,0.04,4.25,0,23,1,137,770,1849,Not Active,Thursday
9391,5/2/16,4790,3.64,1440,0,0,0,3.56,0,0,0,105,1335,2189,Active,Monday
9665,4/29/16,8360,5.35,1034,0,0.14,0.28,4.93,0,6,14,380,634,3101,Active,Friday
9665,4/30/16,7174,4.59,1080,0,0.33,0.36,3.91,0,10,20,301,749,2896,Active,Saturday
9665,4/28/16,6157,3.94,1024,0,0,0,3.94,0,0,0,310,714,2780,Active,Thursday
9665,4/23/16,5245,3.36,1080,0,0.16,0.44,2.75,0,8,45,232,795,2748,Active,Saturday
9665,4/22/16,4068,2.6,1033,0,0.05,0.28,2.27,0,1,20,195,817,2419,Active,Friday
9665,4/20/16,3147,2.01,893,0,0,0.28,1.74,0,0,10,139,744,2188,Not Active,Wednesday
9665,4/12/16,2564,1.64,947,0,0,0,1.64,0,0,0,116,831,2044,Not Active,Tuesday
9665,4/15/16,2483,1.59,1063,0,0,0,1.59,0,0,0,126,937,2009,Active,Friday
9665,5/3/16,2421,1.55,895,0,0,0,1.55,0,0,0,156,739,2297,Not Active,Tuesday
9665,5/4/16,2283,1.46,977,0,0,0,1.46,0,0,0,129,848,2067,Not Active,Wednesday
9665,5/2/16,1831,1.17,1017,0,0,0,1.17,0,0,0,101,916,2015,Active,Monday
9665,4/27/16,1758,1.13,1012,0,0,0,1.13,0,0,0,112,900,2067,Active,Wednesday
9665,5/1/16,1619,1.04,913,0,0,0,1.04,0,0,0,79,834,1962,Not Active,Sunday
9665,4/26/16,1321,0.85,1440,0,0,0,0.85,0,0,0,80,1360,1928,Active,Tuesday
9665,4/13/16,1320,0.84,888,0,0,0,0.84,0,0,0,82,806,1934,Not Active,Wednesday
9665,4/14/16,1219,0.78,937,0,0,0,0.78,0,0,0,84,853,1963,Not Active,Thursday
9665,4/24/16,400,0.26,1440,0,0.04,0.05,0.16,0,3,8,19,1410,1799,Active,Sunday
9665,4/16/16,244,0.16,1440,0,0,0,0.16,0,0,0,12,1428,1721,Active,Saturday
9665,4/21/16,144,0.09,1440,0,0,0,0.09,0,0,0,9,1431,1720,Active,Thursday
9665,5/10/16,0,0,48,0,0,0,0,0,0,0,0,48,57,Not Active,Tuesday
9665,5/9/16,0,0,1440,0,0,0,0,0,0,0,0,1440,1688,Active,Monday
9665,5/8/16,0,0,1440,0,0,0,0,0,0,0,0,1440,1688,Active,Sunday
9665,5/7/16,0,0,1440,0,0,0,0,0,0,0,0,1440,1688,Active,Saturday
9665,5/6/16,0,0,1440,0,0,0,0,0,0,0,0,1440,1688,Active,Friday
9665,5/5/16,0,0,1440,0,0,0,0,0,0,0,0,1440,1688,Active,Thursday
9665,4/25/16,0,0,1440,0,0,0,0,0,0,0,0,1440,1688,Active,Monday
9665,4/19/16,0,0,1440,0,0,0,0,0,0,0,0,1440,1688,Active,Tuesday
9665,4/18/16,0,0,1440,0,0,0,0,0,0,0,0,1440,1688,Active,Monday
9665,4/17/16,0,0,1440,0,0,0,0,0,0,0,0,1440,1688,Active,Sunday
9924,4/21/16,13743,9.08,1303,0,0.42,0.97,7.7,0,6,21,432,844,2486,Active,Thursday
9924,5/9/16,11451,7.57,1440,0,0.43,1.62,5.52,0,6,30,339,1065,2223,Active,Monday
9924,5/5/16,10611,7.01,1440,0,1.01,0.5,5.51,0,14,8,370,1048,2262,Active,Thursday
9924,4/30/16,10319,6.82,1440,0,0.47,1.89,4.46,0,7,29,293,1111,2105,Active,Saturday
9924,4/17/16,9634,6.4,1440,0,0.55,1.14,4.71,0,7,19,304,1110,2117,Active,Sunday
9924,4/22/16,9601,6.35,1440,0,1.37,1.5,3.47,0,20,25,273,1122,2094,Active,Friday
9924,4/27/16,9557,6.32,1440,0,1.96,0.89,3.46,0,27,14,312,1087,2098,Active,Wednesday
9924,4/28/16,9451,6.25,1364,0,0.02,0.27,5.95,0,1,11,367,985,2185,Active,Thursday
9924,4/26/16,9148,6.05,1398,0,0.43,2.03,3.59,0,12,41,283,1062,2223,Active,Tuesday
9924,5/11/16,9108,6.02,1440,0,0.26,1.82,3.94,0,4,31,324,1081,2131,Active,Wednesday
9924,4/18/16,8940,5.91,1440,0,0.98,0.93,4,0,14,15,331,1080,2116,Active,Monday
9924,4/24/16,8563,5.66,1440,0,0,0,5.65,0,0,0,395,1045,2173,Active,Sunday
9924,5/7/16,8237,5.44,1388,0,1.61,1,2.83,0,23,16,233,1116,1973,Active,Saturday
9924,4/25/16,8095,5.35,1361,0,0.59,0.25,4.51,0,18,10,340,993,2225,Active,Monday
9924,5/2/16,7891,5.22,1440,0,0,0,5.22,0,0,0,383,1057,2066,Active,Monday
9924,4/29/16,7833,5.18,1337,0,1.02,1.85,2.31,0,15,29,197,1096,1918,Active,Friday
9924,4/15/16,7795,5.15,1440,0,0.59,0.84,3.73,0,17,30,262,1131,2121,Active,Friday
9924,4/16/16,7289,4.82,1440,0,0.55,0.75,3.5,0,8,12,308,1112,1997,Active,Saturday
9924,4/23/16,6890,4.55,1440,0,0.34,0.2,4.01,0,5,5,308,1122,2085,Active,Saturday
9924,4/14/16,6799,4.49,1440,0,0,0,4.49,0,0,0,279,1161,1922,Active,Thursday
9924,5/8/16,6543,4.33,1358,0,1.8,0.5,2.02,0,66,35,238,1019,2666,Active,Sunday
9924,5/10/16,6435,4.25,1440,0,0.74,1.12,2.39,0,11,18,220,1191,1889,Active,Tuesday
9924,5/12/16,6307,4.17,983,0,0,0,4.17,0,0,0,247,736,1452,Not Active,Thursday
9924,4/19/16,5401,3.57,1440,0,0.05,0.36,3.16,0,1,9,248,1182,1876,Active,Tuesday
9924,5/3/16,5267,3.48,1440,0,0.6,0.28,2.6,0,21,10,237,1172,1953,Active,Tuesday
9924,5/4/16,5232,3.46,1440,0,0,0,3.46,0,0,0,252,1188,1842,Active,Wednesday
9924,4/12/16,5135,3.39,1440,0,0,0,3.39,0,0,0,318,1122,1909,Active,Tuesday
9924,4/13/16,4978,3.29,1440,0,1.24,0.44,1.61,0,19,7,127,1287,1722,Active,Wednesday
9924,4/20/16,4803,3.17,1440,0,0,0,3.17,0,0,0,222,1218,1788,Active,Wednesday
9924,5/6/16,3755,2.48,1440,0,0,0,2.48,0,0,0,202,1238,1722,Active,Friday
9924,5/1/16,3428,2.27,1311,0,0,0,2.27,0,0,0,190,1121,1692,Active,Sunday